insert into locations (location_id, location, latitude, longitude)
values (1, 'Abel Tasman Coastal Track, Torrent Bay, Tasman, New Zealand', -40.93622740, 173.04955020),
       (2, 'Mount Maunganui, Tauranga, Tauranga City, Bay of Plenty, 3149, New Zealand', -37.63031030, 176.17201160),
       (3, 'Redwoods Treewalk Rotorua, Ngāpuna, Rotorua, Rotorua Lakes District, Bay of Plenty, New Zealand',
        -38.15638285, 176.27504877),
       (4, 'Lake Matheson Walk, Westland District, West Coast, 7859, New Zealand', -43.44475380, 169.96948000),
       (5, 'Milford Foreshore Walk, Milford Sound, Fiordland Community, Southland District, Southland, New Zealand',
        -44.67133240, 167.92329600),
       (6, 'Hooker Valley Track, Mackenzie District, Canterbury, 7946, New Zealand', -43.69735390, 170.09648790),
       (7, 'Cathedral Cove, Hahei, Thames-Coromandel District, Waikato, 3591, New Zealand', -36.82865730, 175.79034810),
       (8, 'Ngongotahā Lakefront Reserve, Ngongotahā, Rotorua Lakes District, Bay of Plenty, New Zealand', -38.07514785,
        176.21616908),
       (9, 'Mount Cook, Mackenzie District, Canterbury, New Zealand', -43.59500170, 170.14216770),
       (10, 'Mount Aspiring, Westland District, West Coast, New Zealand', -44.38416350, 168.72795710),
       (11, 'Mount Taranaki, Stratford District, Taranaki, New Zealand', -39.29608390, 174.06389450),
       (12, 'Ben Lomond, Hurunui District, Canterbury, New Zealand', -42.85961100, 172.91608300),
       (13, 'Rocky Mountain, Stewart Island / Rakiura Community, Southland District, Southland, New Zealand',
        -46.86038400, 167.95181780),
       (14, 'Mount Ngāuruhoe, Ruapehu District, Manawatū-Whanganui, New Zealand', -39.15678680, 175.63195110),
       (15, 'Mount Ruapehu, Ruapehu District, Manawatū-Whanganui, New Zealand', -39.28120320, 175.56428870),
       (16, 'Mount Tongariro, Ruapehu District, Manawatū-Whanganui, New Zealand', -39.12987880, 175.63537310),
       (17, 'Piha Beach, Lion Rock Track, Piha, Waitākere Ranges, Auckland, New Zealand', -36.95430000, 174.46630000),
       (18, 'Blenheim, Marlborough, 7301, New Zealand', -41.51186910, 173.95458560),
       (19, 'Mount Maunganui, Tauranga, Tauranga City, Bay of Plenty, 3149, New Zealand', -37.63802180, 176.18388410),
       (20, 'Hot Water Beach, Thames-Coromandel District, Waikato, New Zealand', -36.88981100, 175.82356590),
       (21, 'Ōhope, Whakatāne District, Bay of Plenty, 3121, New Zealand', -37.97165390, 177.05628940),
       (22, 'Karekare Beach, Karekare, Waitākere Ranges, Auckland, New Zealand', -36.98847845, 174.47260093),
       (23, 'Ngarunui Beach, Rangipu, Waikato District, Waikato, New Zealand', -37.81285140, 174.83199504),
       (24, 'Cooks Beach, Thames-Coromandel District, Waikato, 3510, New Zealand', -36.83826560, 175.74106130);

insert into p2.users (user_id, username, first_name, last_name, location_id, email, description, profile_image,
                      password_hash, role, status, created_at, display_location, user_city_name, user_city_latitude,
                      user_city_longitude)
values (1, 'jack', 'Jack', 'Smith', null, 'jack.smith@example.com', 'Enthusiastic voter',
        '/static/uploads/profile_images/profileimage1.jpg',
        '1b9d5850d6de1dae5bde79bdcc0ecc91b8bebbda244e545007d2ac19bcfa2eb1', 'siteAdmin', 'active',
        '2024-09-15 14:57:00', 0, null, null, null),
       (2, 'jane', 'Jane', 'Doe', null, 'jane.doe@example.com', 'Active in community voting',
        '/static/uploads/profile_images/profileimage2.jpg',
        '1b9d5850d6de1dae5bde79bdcc0ecc91b8bebbda244e545007d2ac19bcfa2eb1', 'siteAdmin', 'active',
        '2024-09-15 14:57:00', 0, null, null, null),
       (3, 'admin', 'Grace', 'Clark', null, 'grace.clark@example.com', 'Admin team member',
        '/static/uploads/profile_images/profileimage48.jpg',
        '1b9d5850d6de1dae5bde79bdcc0ecc91b8bebbda244e545007d2ac19bcfa2eb1', 'siteAdmin', 'active',
        '2024-09-15 14:57:00', 0, null, null, null),
       (4, 'henry', 'Henry', 'Lewis', null, 'henry.lewis@example.com', 'System administrator',
        '/static/uploads/profile_images/profileimage49.jpg',
        '1b9d5850d6de1dae5bde79bdcc0ecc91b8bebbda244e545007d2ac19bcfa2eb1', 'siteAdmin', 'active',
        '2024-09-15 14:57:00', 0, null, null, null),
       (5, 'ivy', 'Ivy', 'Walker', null, 'ivy.walker@example.com', 'Manages user accounts',
        '/static/uploads/profile_images/profileimage50.jpg',
        '1b9d5850d6de1dae5bde79bdcc0ecc91b8bebbda244e545007d2ac19bcfa2eb1', 'siteAdmin', 'active',
        '2024-09-15 14:57:00', 0, null, null, null),
       (6, 'daniel', 'Daniel', 'Lee', null, 'daniel.lee@example.com', 'A responsible scrutineer',
        '/static/uploads/profile_images/profileimage45.jpg',
        '1b9d5850d6de1dae5bde79bdcc0ecc91b8bebbda244e545007d2ac19bcfa2eb1', 'siteHelper', 'active',
        '2024-09-15 14:57:00', 0, null, null, null),
       (7, 'eva', 'Eva', 'Harris', null, 'eva.harris@example.com', 'Meticulous scrutineer',
        '/static/uploads/profile_images/profileimage46.jpg',
        '1b9d5850d6de1dae5bde79bdcc0ecc91b8bebbda244e545007d2ac19bcfa2eb1', 'siteHelper', 'active',
        '2024-09-15 14:57:00', 0, null, null, null),
       (8, 'frank', 'Frank', 'Martin', null, 'frank.martin@example.com', 'Ensures fair play',
        '/static/uploads/profile_images/profileimage47.jpg',
        '1b9d5850d6de1dae5bde79bdcc0ecc91b8bebbda244e545007d2ac19bcfa2eb1', 'siteHelper', 'active',
        '2024-09-15 14:57:00', 0, null, null, null),
       (9, 'michael', 'Michael', 'Taylor', null, 'michael.taylor@example.com', 'Passionate about elections',
        '/static/uploads/profile_images/profileimage3.jpg',
        '1b9d5850d6de1dae5bde79bdcc0ecc91b8bebbda244e545007d2ac19bcfa2eb1', 'siteHelper', 'active',
        '2024-09-15 14:57:00', 0, null, null, null),
       (10, 'lisa', 'Lisa', 'Miller', null, 'lisa.miller@example.com', 'Votes regularly',
        '/static/uploads/profile_images/profileimage4.jpg',
        '1b9d5850d6de1dae5bde79bdcc0ecc91b8bebbda244e545007d2ac19bcfa2eb1', 'siteHelper', 'active',
        '2024-09-15 14:57:00', 0, null, null, null),
       (11, 'noah', 'Noah', 'Wilson', null, 'noah.wilson@example.com', 'Committed voter',
        '/static/uploads/profile_images/profileimage5.jpg',
        '1b9d5850d6de1dae5bde79bdcc0ecc91b8bebbda244e545007d2ac19bcfa2eb1', 'voter', 'active', '2024-09-15 14:57:00', 0,
        null, null, null),
       (12, 'olivia', 'Olivia', 'Anderson', null, 'olivia.anderson@example.com', 'Community-minded voter',
        '/static/uploads/profile_images/profileimage6.jpg',
        '1b9d5850d6de1dae5bde79bdcc0ecc91b8bebbda244e545007d2ac19bcfa2eb1', 'voter', 'active', '2024-09-15 14:57:00', 0,
        null, null, null),
       (13, 'matthew', 'Matthew', 'Thomas', null, 'matthew.thomas@example.com', 'Civic-minded participant',
        '/static/uploads/profile_images/profileimage7.jpg',
        '1b9d5850d6de1dae5bde79bdcc0ecc91b8bebbda244e545007d2ac19bcfa2eb1', 'voter', 'active', '2024-09-15 14:57:00', 0,
        null, null, null),
       (14, 'sophia', 'Sophia', 'Jackson', null, 'sophia.jackson@example.com', 'Engaged in local voting',
        '/static/uploads/profile_images/profileimage8.jpg',
        '1b9d5850d6de1dae5bde79bdcc0ecc91b8bebbda244e545007d2ac19bcfa2eb1', 'voter', 'active', '2024-09-15 14:57:00', 0,
        null, null, null),
       (15, 'william', 'William', 'Martinez', null, 'william.martinez@example.com', 'Dedicated voter',
        '/static/uploads/profile_images/profileimage9.jpg',
        '1b9d5850d6de1dae5bde79bdcc0ecc91b8bebbda244e545007d2ac19bcfa2eb1', 'voter', 'active', '2024-09-15 14:57:00', 0,
        null, null, null),
       (16, 'emma', 'Emma', 'White', null, 'emma.white@example.com', 'Votes with enthusiasm',
        '/static/uploads/profile_images/profileimage10.jpg',
        '1b9d5850d6de1dae5bde79bdcc0ecc91b8bebbda244e545007d2ac19bcfa2eb1', 'voter', 'active', '2024-09-15 14:57:00', 0,
        null, null, null),
       (17, 'lucas', 'Lucas', 'Harris', null, 'lucas.harris@example.com', 'Active voter',
        '/static/uploads/profile_images/profileimage11.jpg',
        '1b9d5850d6de1dae5bde79bdcc0ecc91b8bebbda244e545007d2ac19bcfa2eb1', 'voter', 'active', '2024-09-15 14:57:00', 0,
        null, null, null),
       (18, 'ava', 'Ava', 'Clark', null, 'ava.clark@example.com', 'Regular participant',
        '/static/uploads/profile_images/profileimage12.jpg',
        '1b9d5850d6de1dae5bde79bdcc0ecc91b8bebbda244e545007d2ac19bcfa2eb1', 'voter', 'active', '2024-09-15 14:57:00', 0,
        null, null, null),
       (19, 'ethan', 'Ethan', 'Lewis', null, 'ethan.lewis@example.com', 'Votes frequently',
        '/static/uploads/profile_images/profileimage13.jpg',
        '1b9d5850d6de1dae5bde79bdcc0ecc91b8bebbda244e545007d2ac19bcfa2eb1', 'voter', 'active', '2024-09-15 14:57:00', 0,
        null, null, null),
       (20, 'susam', 'Mia', 'Walker', null, 'mia.walker@example.com', 'Dedicated to voting',
        '/static/uploads/profile_images/profileimage14.jpg',
        '1b9d5850d6de1dae5bde79bdcc0ecc91b8bebbda244e545007d2ac19bcfa2eb1', 'voter', 'active', '2024-09-15 14:57:00', 0,
        null, null, null),
       (21, 'james', 'James', 'Young', null, 'james.young@example.com', 'Active in elections',
        '/static/uploads/profile_images/profileimage15.jpg',
        '1b9d5850d6de1dae5bde79bdcc0ecc91b8bebbda244e545007d2ac19bcfa2eb1', 'voter', 'active', '2024-09-15 14:57:00', 0,
        null, null, null),
       (22, 'amelia', 'Amelia', 'King', null, 'amelia.king@example.com', 'Community voter',
        '/static/uploads/profile_images/profileimage16.jpg',
        '1b9d5850d6de1dae5bde79bdcc0ecc91b8bebbda244e545007d2ac19bcfa2eb1', 'voter', 'active', '2024-09-15 14:57:00', 0,
        null, null, null),
       (23, 'benjamin', 'Benjamin', 'Scott', null, 'benjamin.scott@example.com', 'Engaged voter',
        '/static/uploads/profile_images/profileimage17.jpg',
        '1b9d5850d6de1dae5bde79bdcc0ecc91b8bebbda244e545007d2ac19bcfa2eb1', 'voter', 'active', '2024-09-15 14:57:00', 0,
        null, null, null),
       (24, 'oliver', 'Oliver', 'Adams', null, 'oliver.adams@example.com', 'Passionate about voting',
        '/static/uploads/profile_images/profileimage18.jpg',
        '1b9d5850d6de1dae5bde79bdcc0ecc91b8bebbda244e545007d2ac19bcfa2eb1', 'voter', 'active', '2024-09-15 14:57:00', 0,
        null, null, null),
       (25, 'isabella', 'Isabella', 'Mitchell', null, 'isabella.mitchell@example.com', 'Votes actively',
        '/static/uploads/profile_images/profileimage19.jpg',
        '1b9d5850d6de1dae5bde79bdcc0ecc91b8bebbda244e545007d2ac19bcfa2eb1', 'voter', 'active', '2024-09-15 14:57:00', 0,
        null, null, null),
       (26, 'jacob', 'Jacob', 'Perez', null, 'jacob.perez@example.com', 'Regular voter',
        '/static/uploads/profile_images/profileimage20.jpg',
        '1b9d5850d6de1dae5bde79bdcc0ecc91b8bebbda244e545007d2ac19bcfa2eb1', 'voter', 'active', '2024-09-15 14:57:00', 0,
        null, null, null),
       (27, 'harper', 'Harper', 'Turner', null, 'harper.turner@example.com', 'Community-focused voter',
        '/static/uploads/profile_images/profileimage21.jpg',
        '1b9d5850d6de1dae5bde79bdcc0ecc91b8bebbda244e545007d2ac19bcfa2eb1', 'voter', 'active', '2024-09-15 14:57:00', 0,
        null, null, null),
       (28, 'charlotte', 'Charlotte', 'Collins', null, 'charlotte.collins@example.com', 'Engaged in voting',
        '/static/uploads/profile_images/profileimage22.jpg',
        '1b9d5850d6de1dae5bde79bdcc0ecc91b8bebbda244e545007d2ac19bcfa2eb1', 'voter', 'active', '2024-09-15 14:57:00', 0,
        null, null, null),
       (29, 'lily', 'Lily', 'Davis', null, 'lily.davis@example.com', 'Civic-minded voter',
        '/static/uploads/profile_images/profileimage23.jpg',
        '1b9d5850d6de1dae5bde79bdcc0ecc91b8bebbda244e545007d2ac19bcfa2eb1', 'voter', 'active', '2024-09-15 14:57:00', 0,
        null, null, null),
       (30, 'henrlery', 'Henry', 'Hernandez', null, 'henry.hernandez@example.com', 'Votes with enthusiasm',
        '/static/uploads/profile_images/profileimage24.jpg',
        '1b9d5850d6de1dae5bde79bdcc0ecc91b8bebbda244e545007d2ac19bcfa2eb1', 'voter', 'active', '2024-09-15 14:57:00', 0,
        null, null, null),
       (31, 'natalie', 'Natalie', 'Gonzalez', null, 'natalie.gonzalez@example.com', 'Passionate voter',
        '/static/uploads/profile_images/profileimage25.jpg',
        '1b9d5850d6de1dae5bde79bdcc0ecc91b8bebbda244e545007d2ac19bcfa2eb1', 'voter', 'active', '2024-09-15 14:57:00', 0,
        null, null, null),
       (32, 'seph', 'Joseph', 'Wright', null, 'joseph.wright@example.com', 'Active in community voting',
        '/static/uploads/profile_images/profileimage26.jpg',
        '1b9d5850d6de1dae5bde79bdcc0ecc91b8bebbda244e545007d2ac19bcfa2eb1', 'voter', 'active', '2024-09-15 14:57:00', 0,
        null, null, null),
       (33, 'daisy', 'Daisy', 'Roberts', null, 'daisy.roberts@example.com', 'Votes regularly',
        '/static/uploads/profile_images/profileimage27.jpg',
        '1b9d5850d6de1dae5bde79bdcc0ecc91b8bebbda244e545007d2ac19bcfa2eb1', 'voter', 'active', '2024-09-15 14:57:00', 0,
        null, null, null),
       (34, 'aiden', 'Aiden', 'Hall', null, 'aiden.hall@example.com', 'Engaged in elections',
        '/static/uploads/profile_images/profileimage28.jpg',
        '1b9d5850d6de1dae5bde79bdcc0ecc91b8bebbda244e545007d2ac19bcfa2eb1', 'voter', 'active', '2024-09-15 14:57:00', 0,
        null, null, null),
       (35, 'evelyn', 'Evelyn', 'Allen', null, 'evelyn.allen@example.com', 'Regular participant',
        '/static/uploads/profile_images/profileimage29.jpg',
        '1b9d5850d6de1dae5bde79bdcc0ecc91b8bebbda244e545007d2ac19bcfa2eb1', 'voter', 'active', '2024-09-15 14:57:00', 0,
        null, null, null),
       (36, 'caleb', 'Caleb', 'Mitchell', null, 'caleb.mitchell@example.com', 'Community-minded voter',
        '/static/uploads/profile_images/profileimage30.jpg',
        '1b9d5850d6de1dae5bde79bdcc0ecc91b8bebbda244e545007d2ac19bcfa2eb1', 'voter', 'active', '2024-09-15 14:57:00', 0,
        null, null, null),
       (37, 'scarlett', 'Scarlett', 'Rodriguez', null, 'scarlett.rodriguez@example.com', 'Civic-focused voter',
        '/static/uploads/profile_images/profileimage31.jpg',
        '1b9d5850d6de1dae5bde79bdcc0ecc91b8bebbda244e545007d2ac19bcfa2eb1', 'voter', 'active', '2024-09-15 14:57:00', 0,
        null, null, null),
       (38, 'julia', 'Julia', 'Foster', null, 'julia.foster@example.com', 'Engaged in voting',
        '/static/uploads/profile_images/profileimage32.jpg',
        '1b9d5850d6de1dae5bde79bdcc0ecc91b8bebbda244e545007d2ac19bcfa2eb1', 'voter', 'active', '2024-09-15 14:57:00', 0,
        null, null, null),
       (39, 'isaac', 'Isaac', 'Cox', null, 'isaac.cox@example.com', 'Votes with enthusiasm',
        '/static/uploads/profile_images/profileimage33.jpg',
        '1b9d5850d6de1dae5bde79bdcc0ecc91b8bebbda244e545007d2ac19bcfa2eb1', 'voter', 'active', '2024-09-15 14:57:00', 0,
        null, null, null),
       (40, 'mia', 'Mia', 'Ward', null, 'mia.ward@example.com', 'Active voter',
        '/static/uploads/profile_images/profileimage34.jpg',
        '1b9d5850d6de1dae5bde79bdcc0ecc91b8bebbda244e545007d2ac19bcfa2eb1', 'voter', 'active', '2024-09-15 14:57:00', 0,
        null, null, null),
       (41, 'zachary', 'Zachary', 'Fisher', null, 'zachary.fisher@example.com', 'Community-focused voter',
        '/static/uploads/profile_images/profileimage35.jpg',
        '1b9d5850d6de1dae5bde79bdcc0ecc91b8bebbda244e545007d2ac19bcfa2eb1', 'voter', 'active', '2024-09-15 14:57:00', 0,
        null, null, null),
       (42, 'grace', 'Grace', 'Price', null, 'grace.price@example.com', 'Engaged in elections',
        '/static/uploads/profile_images/profileimage36.jpg',
        '1b9d5850d6de1dae5bde79bdcc0ecc91b8bebbda244e545007d2ac19bcfa2eb1', 'voter', 'active', '2024-09-15 14:57:00', 0,
        null, null, null),
       (43, 'ryan', 'Ryan', 'Cook', null, 'ryan.cook@example.com', 'Regular participant',
        '/static/uploads/profile_images/profileimage37.jpg',
        '1b9d5850d6de1dae5bde79bdcc0ecc91b8bebbda244e545007d2ac19bcfa2eb1', 'voter', 'active', '2024-09-15 14:57:00', 0,
        null, null, null),
       (44, 'samantha', 'Samantha', 'Bell', null, 'samantha.bell@example.com', 'Votes actively',
        '/static/uploads/profile_images/profileimage38.jpg',
        '1b9d5850d6de1dae5bde79bdcc0ecc91b8bebbda244e545007d2ac19bcfa2eb1', 'voter', 'active', '2024-09-15 14:57:00', 0,
        null, null, null),
       (45, 'austin', 'Austin', 'Murphy', null, 'austin.murphy@example.com', 'Community-minded voter',
        '/static/uploads/profile_images/profileimage39.jpg',
        '1b9d5850d6de1dae5bde79bdcc0ecc91b8bebbda244e545007d2ac19bcfa2eb1', 'voter', 'active', '2024-09-15 14:57:00', 0,
        null, null, null),
       (46, 'elizabeth', 'Elizabeth', 'Morgan', null, 'elizabeth.morgan@example.com', 'Engaged in elections',
        '/static/uploads/profile_images/profileimage40.jpg',
        '1b9d5850d6de1dae5bde79bdcc0ecc91b8bebbda244e545007d2ac19bcfa2eb1', 'voter', 'active', '2024-09-15 14:57:00', 0,
        null, null, null),
       (47, 'nathan', 'Nathan', 'Perry', null, 'nathan.perry@example.com', 'Active in community voting',
        '/static/uploads/profile_images/profileimage41.jpg',
        '1b9d5850d6de1dae5bde79bdcc0ecc91b8bebbda244e545007d2ac19bcfa2eb1', 'voter', 'active', '2024-09-15 14:57:00', 0,
        null, null, null),
       (48, 'lillian', 'Lillian', 'Long', null, 'lillian.long@example.com', 'Votes with enthusiasm',
        '/static/uploads/profile_images/profileimage42.jpg',
        '1b9d5850d6de1dae5bde79bdcc0ecc91b8bebbda244e545007d2ac19bcfa2eb1', 'voter', 'active', '2024-09-15 14:57:00', 0,
        null, null, null),
       (49, 'joseph', 'Joseph', 'Nguyen', null, 'joseph.nguyen@example.com', 'Regular voter',
        '/static/uploads/profile_images/profileimage43.jpg',
        '1b9d5850d6de1dae5bde79bdcc0ecc91b8bebbda244e545007d2ac19bcfa2eb1', 'voter', 'active', '2024-09-15 14:57:00', 0,
        null, null, null),
       (50, 'sofia', 'Sofia', 'Rogers', null, 'sofia.rogers@example.com', 'Community-focused voter',
        '/static/uploads/profile_images/profileimage44.jpg',
        '1b9d5850d6de1dae5bde79bdcc0ecc91b8bebbda244e545007d2ac19bcfa2eb1', 'voter', 'active', '2024-09-15 14:57:00', 0,
        null, null, null),
       (51, 'voter1', 'Lillian', 'Liu', null, 'voter1@email.com', 'Votes with enthusiasm',
        '/static/uploads/profile_images/profileimage50.jpg',
        '1b9d5850d6de1dae5bde79bdcc0ecc91b8bebbda244e545007d2ac19bcfa2eb1', 'voter', 'active', '2024-09-15 14:57:00', 0,
        null, null, null),
       (52, 'voter2', 'Joseph', 'Nguyen', null, 'voter2@email.com', 'Regular voter',
        '/static/uploads/profile_images/profileimage51.jpg',
        '1b9d5850d6de1dae5bde79bdcc0ecc91b8bebbda244e545007d2ac19bcfa2eb1', 'voter', 'active', '2024-09-15 14:57:00', 0,
        null, null, null),
       (53, 'voter3', 'Sophia', 'Lee', null, 'voter3@email.com', 'Passionate voter',
        '/static/uploads/profile_images/profileimage52.jpg',
        '1b9d5850d6de1dae5bde79bdcc0ecc91b8bebbda244e545007d2ac19bcfa2eb1', 'voter', 'active', '2024-09-15 14:57:00', 0,
        null, null, null),
       (54, 'voter4', 'Michael', 'Smith', null, 'voter4@email.com', 'Informed voter',
        '/static/uploads/profile_images/profileimage53.jpg',
        '1b9d5850d6de1dae5bde79bdcc0ecc91b8bebbda244e545007d2ac19bcfa2eb1', 'voter', 'active', '2024-09-15 14:57:00', 0,
        null, null, null),
       (55, 'voter5', 'Emma', 'Garcia', null, 'voter5@email.com', 'Community advocate',
        '/static/uploads/profile_images/profileimage54.jpg',
        '1b9d5850d6de1dae5bde79bdcc0ecc91b8bebbda244e545007d2ac19bcfa2eb1', 'voter', 'active', '2024-09-15 14:57:00', 0,
        null, null, null),
       (56, 'voter6', 'Noah', 'Johnson', null, 'voter6@email.com', 'Votes regularly',
        '/static/uploads/profile_images/profileimage55.jpg',
        '1b9d5850d6de1dae5bde79bdcc0ecc91b8bebbda244e545007d2ac19bcfa2eb1', 'voter', 'active', '2024-09-15 14:57:00', 0,
        null, null, null),
       (57, 'voter7', 'Olivia', 'Martinez', null, 'voter7@email.com', 'First-time voter',
        '/static/uploads/profile_images/profileimage56.jpg',
        '1b9d5850d6de1dae5bde79bdcc0ecc91b8bebbda244e545007d2ac19bcfa2eb1', 'voter', 'active', '2024-09-15 14:57:00', 0,
        null, null, null),
       (58, 'voter8', 'James', 'Brown', null, 'voter8@email.com', 'Engaged citizen',
        '/static/uploads/profile_images/profileimage57.jpg',
        '1b9d5850d6de1dae5bde79bdcc0ecc91b8bebbda244e545007d2ac19bcfa2eb1', 'voter', 'active', '2024-09-15 14:57:00', 0,
        null, null, null),
       (59, 'voter9', 'Isabella', 'Davis', null, 'voter9@email.com', 'Community leader',
        '/static/uploads/profile_images/profileimage58.jpg',
        '1b9d5850d6de1dae5bde79bdcc0ecc91b8bebbda244e545007d2ac19bcfa2eb1', 'voter', 'active', '2024-09-15 14:57:00', 0,
        null, null, null),
       (60, 'voter10', 'Benjamin', 'Wilson', null, 'voter10@email.com', 'Long-time voter',
        '/static/uploads/profile_images/profileimage59.jpg',
        '1b9d5850d6de1dae5bde79bdcc0ecc91b8bebbda244e545007d2ac19bcfa2eb1', 'voter', 'active', '2024-09-15 14:57:00', 0,
        null, null, null),
       (61, 'voter11', 'Mia', 'Anderson', null, 'voter11@email.com', 'Community advocate',
        '/static/uploads/profile_images/profileimage60.jpg',
        '1b9d5850d6de1dae5bde79bdcc0ecc91b8bebbda244e545007d2ac19bcfa2eb1', 'voter', 'active', '2024-09-15 14:57:00', 0,
        null, null, null),
       (62, 'voter12', 'Lucas', 'Thomas', null, 'voter12@email.com', 'Votes with enthusiasm',
        '/static/uploads/profile_images/profileimage61.jpg',
        '1b9d5850d6de1dae5bde79bdcc0ecc91b8bebbda244e545007d2ac19bcfa2eb1', 'voter', 'active', '2024-09-15 14:57:00', 0,
        null, null, null),
       (63, 'voter13', 'Amelia', 'Taylor', null, 'voter13@email.com', 'Engaged citizen',
        '/static/uploads/profile_images/profileimage62.jpg',
        '1b9d5850d6de1dae5bde79bdcc0ecc91b8bebbda244e545007d2ac19bcfa2eb1', 'voter', 'active', '2024-09-15 14:57:00', 0,
        null, null, null),
       (64, 'voter14', 'Mason', 'Moore', null, 'voter14@email.com', 'Votes every election',
        '/static/uploads/profile_images/profileimage63.jpg',
        '1b9d5850d6de1dae5bde79bdcc0ecc91b8bebbda244e545007d2ac19bcfa2eb1', 'voter', 'active', '2024-09-15 14:57:00', 0,
        null, null, null),
       (65, 'voter15', 'Harper', 'Hernandez', null, 'voter15@email.com', 'Passionate voter',
        '/static/uploads/profile_images/profileimage64.jpg',
        '1b9d5850d6de1dae5bde79bdcc0ecc91b8bebbda244e545007d2ac19bcfa2eb1', 'voter', 'active', '2024-09-15 14:57:00', 0,
        null, null, null),
       (66, 'voter16', 'Ethan', 'Lopez', null, 'voter16@email.com', 'Informed voter',
        '/static/uploads/profile_images/profileimage65.jpg',
        '1b9d5850d6de1dae5bde79bdcc0ecc91b8bebbda244e545007d2ac19bcfa2eb1', 'voter', 'active', '2024-09-15 14:57:00', 0,
        null, null, null),
       (67, 'voter17', 'Evelyn', 'Gonzalez', null, 'voter17@email.com', 'Community advocate',
        '/static/uploads/profile_images/profileimage66.jpg',
        '1b9d5850d6de1dae5bde79bdcc0ecc91b8bebbda244e545007d2ac19bcfa2eb1', 'voter', 'active', '2024-09-15 14:57:00', 0,
        null, null, null),
       (68, 'voter18', 'Carter', 'Clark', null, 'voter18@email.com', 'Votes regularly',
        '/static/uploads/profile_images/profileimage67.jpg',
        '1b9d5850d6de1dae5bde79bdcc0ecc91b8bebbda244e545007d2ac19bcfa2eb1', 'voter', 'active', '2024-09-15 14:57:00', 0,
        null, null, null),
       (69, 'voter19', 'Avery', 'Rodriguez', null, 'voter19@email.com', 'First-time voter',
        '/static/uploads/profile_images/profileimage68.jpg',
        '1b9d5850d6de1dae5bde79bdcc0ecc91b8bebbda244e545007d2ac19bcfa2eb1', 'voter', 'active', '2024-09-15 14:57:00', 0,
        null, null, null),
       (70, 'voter20', 'James', 'Lewis', null, 'voter20@email.com', 'Engaged citizen',
        '/static/uploads/profile_images/profileimage69.jpg',
        '1b9d5850d6de1dae5bde79bdcc0ecc91b8bebbda244e545007d2ac19bcfa2eb1', 'voter', 'active', '2024-09-15 14:57:00', 0,
        null, null, null),
       (71, 'voter21', 'Sofia', 'Walker', null, 'voter21@email.com', 'Community leader',
        '/static/uploads/profile_images/profileimage70.jpg',
        '1b9d5850d6de1dae5bde79bdcc0ecc91b8bebbda244e545007d2ac19bcfa2eb1', 'voter', 'active', '2024-09-15 14:57:00', 0,
        null, null, null),
       (72, 'voter22', 'Oliver', 'Hall', null, 'voter22@email.com', 'Long-time voter',
        '/static/uploads/profile_images/profileimage71.jpg',
        '1b9d5850d6de1dae5bde79bdcc0ecc91b8bebbda244e545007d2ac19bcfa2eb1', 'voter', 'active', '2024-09-15 14:57:00', 0,
        null, null, null),
       (73, 'voter23', 'Charlotte', 'Allen', null, 'voter23@email.com', 'Community advocate',
        '/static/uploads/profile_images/profileimage72.jpg',
        '1b9d5850d6de1dae5bde79bdcc0ecc91b8bebbda244e545007d2ac19bcfa2eb1', 'voter', 'active', '2024-09-15 14:57:00', 0,
        null, null, null),
       (74, 'voter24', 'Elijah', 'Young', null, 'voter24@email.com', 'Votes with enthusiasm',
        '/static/uploads/profile_images/profileimage73.jpg',
        '1b9d5850d6de1dae5bde79bdcc0ecc91b8bebbda244e545007d2ac19bcfa2eb1', 'voter', 'active', '2024-09-15 14:57:00', 0,
        null, null, null),
       (75, 'voter25', 'Amelia', 'King', null, 'voter25@email.com', 'Engaged citizen',
        '/static/uploads/profile_images/profileimage74.jpg',
        '1b9d5850d6de1dae5bde79bdcc0ecc91b8bebbda244e545007d2ac19bcfa2eb1', 'voter', 'active', '2024-09-15 14:57:00', 0,
        null, null, null),
       (76, 'voter26', 'Aiden', 'Wright', null, 'voter26@email.com', 'Votes every election',
        '/static/uploads/profile_images/profileimage75.jpg',
        '1b9d5850d6de1dae5bde79bdcc0ecc91b8bebbda244e545007d2ac19bcfa2eb1', 'voter', 'active', '2024-09-15 14:57:00', 0,
        null, null, null),
       (77, 'voter27', 'Scarlett', 'Scott', null, 'voter27@email.com', 'Passionate voter',
        '/static/uploads/profile_images/profileimage76.jpg',
        '1b9d5850d6de1dae5bde79bdcc0ecc91b8bebbda244e545007d2ac19bcfa2eb1', 'voter', 'active', '2024-09-15 14:57:00', 0,
        null, null, null),
       (78, 'voter28', 'Jack', 'Green', null, 'voter28@email.com', 'Informed voter',
        '/static/uploads/profile_images/profileimage77.jpg',
        '1b9d5850d6de1dae5bde79bdcc0ecc91b8bebbda244e545007d2ac19bcfa2eb1', 'voter', 'active', '2024-09-15 14:57:00', 0,
        null, null, null),
       (79, 'voter29', 'Victoria', 'Baker', null, 'voter29@email.com', 'Community advocate',
        '/static/uploads/profile_images/profileimage78.jpg',
        '1b9d5850d6de1dae5bde79bdcc0ecc91b8bebbda244e545007d2ac19bcfa2eb1', 'voter', 'active', '2024-09-15 14:57:00', 0,
        null, null, null),
       (80, 'voter30', 'Daniel', 'Adams', null, 'voter30@email.com', 'Votes regularly',
        '/static/uploads/profile_images/profileimage79.jpg',
        '1b9d5850d6de1dae5bde79bdcc0ecc91b8bebbda244e545007d2ac19bcfa2eb1', 'voter', 'active', '2024-09-15 14:57:00', 0,
        null, null, null),
       (81, 'voter31', 'Grace', 'Nelson', null, 'voter31@email.com', 'First-time voter',
        '/static/uploads/profile_images/profileimage80.jpg',
        '1b9d5850d6de1dae5bde79bdcc0ecc91b8bebbda244e545007d2ac19bcfa2eb1', 'voter', 'active', '2024-09-15 14:57:00', 0,
        null, null, null),
       (82, 'voter32', 'Henry', 'Carter', null, 'voter32@email.com', 'Engaged citizen',
        '/static/uploads/profile_images/profileimage81.jpg',
        '1b9d5850d6de1dae5bde79bdcc0ecc91b8bebbda244e545007d2ac19bcfa2eb1', 'voter', 'active', '2024-09-15 14:57:00', 0,
        null, null, null),
       (83, 'voter33', 'Chloe', 'Mitchell', null, 'voter33@email.com', 'Community leader',
        '/static/uploads/profile_images/profileimage82.jpg',
        '1b9d5850d6de1dae5bde79bdcc0ecc91b8bebbda244e545007d2ac19bcfa2eb1', 'voter', 'active', '2024-09-15 14:57:00', 0,
        null, null, null),
       (84, 'voter34', 'Sebastian', 'Perez', null, 'voter34@email.com', 'Long-time voter',
        '/static/uploads/profile_images/profileimage83.jpg',
        '1b9d5850d6de1dae5bde79bdcc0ecc91b8bebbda244e545007d2ac19bcfa2eb1', 'voter', 'active', '2024-09-15 14:57:00', 0,
        null, null, null),
       (85, 'voter35', 'Riley', 'Roberts', null, 'voter35@email.com', 'Community advocate',
        '/static/uploads/profile_images/profileimage84.jpg',
        '1b9d5850d6de1dae5bde79bdcc0ecc91b8bebbda244e545007d2ac19bcfa2eb1', 'voter', 'active', '2024-09-15 14:57:00', 0,
        null, null, null),
       (86, 'voter36', 'Liam', 'Turner', null, 'voter36@email.com', 'Votes with enthusiasm',
        '/static/uploads/profile_images/profileimage85.jpg',
        '1b9d5850d6de1dae5bde79bdcc0ecc91b8bebbda244e545007d2ac19bcfa2eb1', 'voter', 'active', '2024-09-15 14:57:00', 0,
        null, null, null),
       (87, 'voter37', 'Zoe', 'Phillips', null, 'voter37@email.com', 'Engaged citizen',
        '/static/uploads/profile_images/profileimage86.jpg',
        '1b9d5850d6de1dae5bde79bdcc0ecc91b8bebbda244e545007d2ac19bcfa2eb1', 'voter', 'active', '2024-09-15 14:57:00', 0,
        null, null, null),
       (88, 'voter38', 'Matthew', 'Campbell', null, 'voter38@email.com', 'Votes every election',
        '/static/uploads/profile_images/profileimage87.jpg',
        '1b9d5850d6de1dae5bde79bdcc0ecc91b8bebbda244e545007d2ac19bcfa2eb1', 'voter', 'active', '2024-09-15 14:57:00', 0,
        null, null, null),
       (89, 'voter39', 'Lily', 'Parker', null, 'voter39@email.com', 'Passionate voter',
        '/static/uploads/profile_images/profileimage88.jpg',
        '1b9d5850d6de1dae5bde79bdcc0ecc91b8bebbda244e545007d2ac19bcfa2eb1', 'voter', 'active', '2024-09-15 14:57:00', 0,
        null, null, null),
       (90, 'voter40', 'Alexander', 'Evans', null, 'voter40@email.com', 'Informed voter',
        '/static/uploads/profile_images/profileimage89.jpg',
        '1b9d5850d6de1dae5bde79bdcc0ecc91b8bebbda244e545007d2ac19bcfa2eb1', 'voter', 'active', '2024-09-15 14:57:00', 0,
        null, null, null),
       (91, 'voter41', 'Aria', 'Edwards', null, 'voter41@email.com', 'Community advocate',
        '/static/uploads/profile_images/profileimage90.jpg',
        '1b9d5850d6de1dae5bde79bdcc0ecc91b8bebbda244e545007d2ac19bcfa2eb1', 'voter', 'active', '2024-09-15 14:57:00', 0,
        null, null, null),
       (92, 'voter42', 'William', 'Collins', null, 'voter42@email.com', 'Votes regularly',
        '/static/uploads/profile_images/profileimage91.jpg',
        '1b9d5850d6de1dae5bde79bdcc0ecc91b8bebbda244e545007d2ac19bcfa2eb1', 'voter', 'active', '2024-09-15 14:57:00', 0,
        null, null, null),
       (93, 'voter43', 'Ellie', 'Stewart', null, 'voter43@email.com', 'First-time voter',
        '/static/uploads/profile_images/profileimage92.jpg',
        '1b9d5850d6de1dae5bde79bdcc0ecc91b8bebbda244e545007d2ac19bcfa2eb1', 'voter', 'active', '2024-09-15 14:57:00', 0,
        null, null, null),
       (94, 'voter44', 'Jayden', 'Morris', null, 'voter44@email.com', 'Engaged citizen',
        '/static/uploads/profile_images/profileimage93.jpg',
        '1b9d5850d6de1dae5bde79bdcc0ecc91b8bebbda244e545007d2ac19bcfa2eb1', 'voter', 'active', '2024-09-15 14:57:00', 0,
        null, null, null),
       (95, 'voter45', 'Layla', 'Rogers', null, 'voter45@email.com', 'Community leader',
        '/static/uploads/profile_images/profileimage94.jpg',
        '1b9d5850d6de1dae5bde79bdcc0ecc91b8bebbda244e545007d2ac19bcfa2eb1', 'voter', 'active', '2024-09-15 14:57:00', 0,
        null, null, null),
       (96, 'voter46', 'Jackson', 'Reed', null, 'voter46@email.com', 'Long-time voter',
        '/static/uploads/profile_images/profileimage95.jpg',
        '1b9d5850d6de1dae5bde79bdcc0ecc91b8bebbda244e545007d2ac19bcfa2eb1', 'voter', 'active', '2024-09-15 14:57:00', 0,
        null, null, null),
       (97, 'voter47', 'Grace', 'Cook', null, 'voter47@email.com', 'Community advocate',
        '/static/uploads/profile_images/profileimage96.jpg',
        '1b9d5850d6de1dae5bde79bdcc0ecc91b8bebbda244e545007d2ac19bcfa2eb1', 'voter', 'active', '2024-09-15 14:57:00', 0,
        null, null, null),
       (98, 'voter48', 'Grayson', 'Morgan', null, 'voter48@email.com', 'Votes with enthusiasm',
        '/static/uploads/profile_images/profileimage97.jpg',
        '1b9d5850d6de1dae5bde79bdcc0ecc91b8bebbda244e545007d2ac19bcfa2eb1', 'voter', 'active', '2024-09-15 14:57:00', 0,
        null, null, null),
       (99, 'voter49', 'Aubrey', 'Bell', null, 'voter49@email.com', 'Engaged citizen',
        '/static/uploads/profile_images/profileimage98.jpg',
        '1b9d5850d6de1dae5bde79bdcc0ecc91b8bebbda244e545007d2ac19bcfa2eb1', 'voter', 'active', '2024-09-15 14:57:00', 0,
        null, null, null),
       (100, 'voter50', 'David', 'Murphy', null, 'voter50@email.com', 'Votes every election',
        '/static/uploads/profile_images/profileimage99.jpg',
        '1b9d5850d6de1dae5bde79bdcc0ecc91b8bebbda244e545007d2ac19bcfa2eb1', 'voter', 'active', '2024-09-15 14:57:00', 0,
        null, null, null),
       (101, 'voter51', 'Emily', 'Bailey', null, 'voter51@email.com', 'Passionate voter',
        '/static/uploads/profile_images/profileimage100.jpg',
        '1b9d5850d6de1dae5bde79bdcc0ecc91b8bebbda244e545007d2ac19bcfa2eb1', 'voter', 'active', '2024-09-15 14:57:00', 0,
        null, null, null),
       (102, 'voter52', 'Mason', 'Rivera', null, 'voter52@email.com', 'Informed voter',
        '/static/uploads/profile_images/profileimage101.jpg',
        '1b9d5850d6de1dae5bde79bdcc0ecc91b8bebbda244e545007d2ac19bcfa2eb1', 'voter', 'active', '2024-09-15 14:57:00', 0,
        null, null, null),
       (103, 'voter53', 'Ella', 'Cooper', null, 'voter53@email.com', 'Community advocate',
        '/static/uploads/profile_images/profileimage102.jpg',
        '1b9d5850d6de1dae5bde79bdcc0ecc91b8bebbda244e545007d2ac19bcfa2eb1', 'voter', 'active', '2024-09-15 14:57:00', 0,
        null, null, null),
       (104, 'voter54', 'Logan', 'Richardson', null, 'voter54@email.com', 'Votes regularly',
        '/static/uploads/profile_images/profileimage103.jpg',
        '1b9d5850d6de1dae5bde79bdcc0ecc91b8bebbda244e545007d2ac19bcfa2eb1', 'voter', 'active', '2024-09-15 14:57:00', 0,
        null, null, null),
       (105, 'voter55', 'Scarlett', 'Gomez', null, 'voter55@email.com', 'First-time voter',
        '/static/uploads/profile_images/profileimage104.jpg',
        '1b9d5850d6de1dae5bde79bdcc0ecc91b8bebbda244e545007d2ac19bcfa2eb1', 'voter', 'active', '2024-09-15 14:57:00', 0,
        null, null, null),
       (106, 'voter56', 'Lucas', 'Ward', null, 'voter56@email.com', 'Engaged citizen',
        '/static/uploads/profile_images/profileimage105.jpg',
        '1b9d5850d6de1dae5bde79bdcc0ecc91b8bebbda244e545007d2ac19bcfa2eb1', 'voter', 'active', '2024-09-15 14:57:00', 0,
        null, null, null),
       (107, 'voter57', 'Victoria', 'Torres', null, 'voter57@email.com', 'Community leader',
        '/static/uploads/profile_images/profileimage106.jpg',
        '1b9d5850d6de1dae5bde79bdcc0ecc91b8bebbda244e545007d2ac19bcfa2eb1', 'voter', 'active', '2024-09-15 14:57:00', 0,
        null, null, null),
       (108, 'voter58', 'Henry', 'Ramirez', null, 'voter58@email.com', 'Long-time voter',
        '/static/uploads/profile_images/profileimage107.jpg',
        '1b9d5850d6de1dae5bde79bdcc0ecc91b8bebbda244e545007d2ac19bcfa2eb1', 'voter', 'active', '2024-09-15 14:57:00', 0,
        null, null, null),
       (109, 'voter59', 'Sophie', 'Morgan', null, 'voter59@email.com', 'Community advocate',
        '/static/uploads/profile_images/profileimage108.jpg',
        '1b9d5850d6de1dae5bde79bdcc0ecc91b8bebbda244e545007d2ac19bcfa2eb1', 'voter', 'active', '2024-09-15 14:57:00', 0,
        null, null, null),
       (110, 'voter60', 'Oliver', 'Peterson', null, 'voter60@email.com', 'Votes with enthusiasm',
        '/static/uploads/profile_images/profileimage109.jpg',
        '1b9d5850d6de1dae5bde79bdcc0ecc91b8bebbda244e545007d2ac19bcfa2eb1', 'voter', 'active', '2024-09-15 14:57:00', 0,
        null, null, null);

INSERT INTO themes (theme_id, theme_name, theme_description, created_by, created_at, approved_by, approved_at, approved,
                    accepted, enable_location)
VALUES (1, 'Wildlife Wonders',
        'A theme celebrating the rich diversity of wildlife and their habitats, promoting awareness and conservation efforts.',
        1, '2022-10-22 21:33:09', 3, '2022-10-22 21:33:51', 1, 1, 0),
       (2, 'Scenic Escapes',
        'A theme showcasing the most beautiful and breathtaking locations, encouraging exploration and appreciation of nature’s beauty.',
        1, '2022-10-22 21:33:32', 3, '2022-10-22 21:33:49', 1, 1, 1),
       (3, 'Animal Welfare Support',
        'A theme focused on charities and donations to support animal welfare and promote the mission of various organizations.',
        1, '2024-10-22 21:35:08', 3, '2024-10-22 21:35:20', 1, 1, 0);

insert into theme_roles (theme_role_id, user_id, theme_id, role, created_by, created_at)
values (1, 1, 2, 'tAdmin', 3, '2024-10-22 21:33:49'),
       (2, 1, 1, 'tAdmin', 3, '2024-10-22 21:33:51'),
       (3, 1, 3, 'tAdmin', 3, '2024-10-22 21:35:20'),
       (4, 3, 3, 'tAdmin', 1, '2024-10-22 23:35:38'),
       (5, 3, 2, 'tAdmin', 1, '2024-10-22 23:35:46'),
       (6, 3, 1, 'tAdmin', 1, '2024-10-22 23:35:58'),
       (7, 34, 3, 'tScrutineer', 1, '2024-10-22 23:36:07'),
       (8, 7, 3, 'tScrutineer', 1, '2024-10-22 23:36:16'),
       (9, 34, 2, 'tScrutineer', 1, '2024-10-22 23:36:26'),
       (10, 7, 2, 'tScrutineer', 1, '2024-10-22 23:36:33'),
       (11, 34, 1, 'tScrutineer', 1, '2024-10-22 23:36:43'),
       (12, 7, 1, 'tScrutineer', 1, '2024-10-22 23:36:51');

INSERT INTO announcements (title, content, end_at, status, created_by)
VALUES ('Upcoming Wildlife Festival',
        'Join us for the annual Wildlife Festival this coming weekend! Experience interactive exhibits, expert talks, and fun activities for the whole family. Don’t miss out!',
        '2024-11-01 00:00:00', 'active', 1),
       ('Beach Clean-Up Day',
        'Help us keep our beaches beautiful! Join our community beach clean-up day on November 15th. Supplies will be provided, and all volunteers are welcome!',
        '2024-11-15 00:00:00', 'active', 1),
       ('New Volunteer Opportunities',
        'We are looking for passionate individuals to join our team! Check our website for new volunteer opportunities in wildlife conservation and community outreach.',
        '2024-12-01 00:00:00', 'active', 1),
       ('Annual Fundraiser Gala',
        'Save the date for our Annual Fundraiser Gala on December 5th! Enjoy a night of dinner, auctions, and entertainment, all to support local charities.',
        '2024-12-05 00:00:00', 'active', 1);


INSERT INTO events (event_id, name, description, image, start_date, end_date, status, create_by, created_at,
                    theme_id, verified_by, verified_at, verified)
VALUES (1, 'Bird of the Year 2022',
        'A vibrant celebration of the country’s avian diversity. This competition invites bird enthusiasts to showcase the beauty and talents of their feathered friends, from singing competitions to displays of unique plumage. It’s a colorful and lively event that draws nature lovers from all corners.',
        '/static/uploads/competition_images/birdcompetition1.png', '2022-06-12 00:00:00', '2022-07-30 00:00:00',
        'verified', 1, '2022-05-11 23:50:26', 1, 3, '2022-08-11 23:50:00', 1),
       (2, 'Bee of the Year 2023',
        'The Bee of the Year 2021 competition celebrates the vital contributions of bees to our environment and food systems. This year’s event invites participants to dive into the world of bees through interactive exhibits, honey-tasting sessions, and hands-on hive-building workshops. It also promotes awareness about the challenges bees face, such as habitat loss and climate change, while highlighting the importance of sustainable beekeeping practices. Native and introduced species alike will be in the spotlight, showcasing their ecological importance and fascinating behaviors. Join us in honoring these tiny pollinators and supporting efforts to protect their habitats for future generations!',
        '/static/uploads/competition_images/beecompetition2.png', '2023-09-12 00:00:00', '2023-11-30 00:00:00',
        'verified', 1, '2023-08-15 23:50:26', 1, 3, '2023-12-03 23:50:26', 1),
       (3, 'Dog of the Year 2024',
        'Celebrate the agility, strength, and loyalty of dogs in this annual competition. From high-energy obstacle courses to demonstrations of incredible obedience, this event showcases the best in canine talent, drawing participants and spectators from across the country.',
        '/static/uploads/competition_images/dogcompetition1.png', '2024-08-01 00:00:00', '2024-09-30 00:00:00',
        'published', 1, '2024-02-15 23:50:26', 1, null, null, 0),
       (4, 'Deer of the Year 2024',
        'An impressive showcase of the elegance and majesty of deer. This competition highlights the finest stags and does, focusing on attributes such as antler growth, agility, and overall health. A must-see for wildlife enthusiasts and those passionate about conservation.',
        '/static/uploads/competition_images/deercompetition1.png', '2024-10-01 00:00:00', '2024-11-15 00:00:00',
        'published', 1, '2024-03-15 23:50:26', 1, null, null, 0),
       (5, 'Mushroom of the Year 2024',
        'Explore the diverse world of fungi in the New Zealand Mushroom competition of 2024. This event brings together enthusiasts and experts to showcase a stunning variety of mushrooms, celebrating their unique forms, colors, and ecological importance.',
        '/static/uploads/competition_images/mushroomcompetition1.png', '2024-10-01 00:00:00', '2024-11-30 00:00:00',
        'published', 1, '2024-04-15 23:50:26', 1, null, null, 0),
       (6, 'Family Loved Trails',
        'Explore the great outdoors with the *Family Loved Trails* competition! This event highlights the best hiking and walking trails in New Zealand that are perfect for families. Participants can vote for trails based on their accessibility, scenic beauty, and family-friendly features. The competition encourages outdoor activities and fosters a love for nature among children and parents alike, promoting healthy lifestyles and unforgettable family adventures.',
        '/static/uploads/competition_images/familytrails.png', '2024-10-01 00:00:00', '2024-12-31 00:00:00',
        'published', 1, '2024-06-15 23:50:26', 2, null, null, 0),
       (7, 'The Most Popular Beach',
        'Dive into the sun and surf at the *Most Popular Beach* competition! This event invites beach lovers to vote for their favorite coastal spots around New Zealand. Whether it’s the soft sands, clear waters, or vibrant beach culture, participants can showcase what makes their chosen beach the best. The competition also highlights the importance of beach conservation and community efforts to keep our coastlines beautiful and accessible for future generations.',
        '/static/uploads/competition_images/popularbeach.png', '2024-10-01 00:00:00', '2024-12-31 00:00:00',
        'published', 1, '2024-07-15 23:50:26', 2, null, null, 0),
       (8, 'The Great Mountains',
        'Experience the majesty of nature in the *Great Mountains* competition! This event celebrates New Zealand’s stunning mountain ranges, inviting participants to vote for their favorite peaks based on breathtaking views, hiking trails, and unique geological features. From the Southern Alps to the volcanic landscapes, each entry showcases the diverse beauty of our mountains and their significance in Māori culture and New Zealand heritage.',
        '/static/uploads/competition_images/greatmountains.png', '2024-12-01 00:00:00', '2024-12-31 00:00:00',
        'published', 1, '2024-08-15 23:50:26', 2, null, null, 0),
       (9, 'The Best Bridges of New Zealand 2025',
        'Explore the architectural marvels that connect us with the land in *The Best Bridges of New Zealand 2025* competition. This event celebrates the beauty, history, and engineering brilliance of bridges across the country, from iconic landmarks to hidden gems. Participants are invited to vote for their favorite bridges, considering both aesthetic appeal and structural significance. Alongside the voting, the event highlights the role of bridges in connecting communities, fostering trade, and shaping the landscape. Whether you’re an engineering enthusiast or a casual traveler, this competition offers a unique way to appreciate the craftsmanship behind New Zealand’s most remarkable crossings.',
        '/static/uploads/competition_images/bridgecompetition.png', '2025-05-01 00:00:00', '2025-07-31 00:00:00',
        'draft', 1, '2021-04-15 23:50:26', 2, null, null, 0);

insert into candidates (candidate_id, name, description, image, location_id, event_id, author, create_by, created_at)
values (1, 'Golden Cap', 'A vibrant mushroom with a golden cap that stands out in any field.',
        '/static/uploads/competitor_images/mushrooms/mushroomcompetitor1.jpg', null, 5, 'Alice_B', 1,
        '2022-03-16 08:23:41'),
       (2, 'Sporeburst', 'Known for its rapid spore release and bright coloration.',
        '/static/uploads/competitor_images/mushrooms/mushroomcompetitor2.jpg', null, 5, 'Brian_M', 1,
        '2022-04-21 14:56:12'),
       (3, 'Forest Glow', 'A bioluminescent mushroom that illuminates the forest floor.',
        '/static/uploads/competitor_images/mushrooms/mushroomcompetitor3.jpg', null, 5, 'Chloe_R', 1,
        '2022-05-09 19:11:25'),
       (4, 'Whispering Oak', 'A resilient mushroom often found beneath oak trees.',
        '/static/uploads/competitor_images/mushrooms/mushroomcompetitor4.jpg', null, 5, 'David_S', 1,
        '2022-05-23 07:42:56'),
       (5, 'Amber Veil', 'A delicate mushroom with a translucent amber cap.',
        '/static/uploads/competitor_images/mushrooms/mushroomcompetitor5.jpg', null, 5, 'Eva_K', 1,
        '2022-06-02 11:25:33'),
       (6, 'Misty Shroud', 'A mushroom with a veil-like structure that creates a misty aura.',
        '/static/uploads/competitor_images/mushrooms/mushroomcompetitor6.jpg', null, 5, 'Frank_L', 1,
        '2022-06-15 03:10:47'),
       (7, 'Starlight Cap', 'A rare mushroom that sparkles under moonlight.',
        '/static/uploads/competitor_images/mushrooms/mushroomcompetitor7.jpg', null, 5, 'Grace_P', 1,
        '2022-06-28 15:35:12'),
       (8, 'Earthshield', 'A sturdy mushroom that thrives in rocky terrains.',
        '/static/uploads/competitor_images/mushrooms/mushroomcompetitor8.jpg', null, 5, 'Henry_T', 1,
        '2022-07-03 10:45:28'),
       (9, 'Velvet Spire', 'A tall, elegant mushroom with a smooth, velvety surface.',
        '/static/uploads/competitor_images/mushrooms/mushroomcompetitor9.jpg', null, 5, 'Ivy_M', 1,
        '2022-07-10 18:59:39'),
       (10, 'Crimson Tide', 'A striking red mushroom known for its intense color.',
        '/static/uploads/competitor_images/mushrooms/mushroomcompetitor10.jpg', null, 5, 'Jack_W', 1,
        '2022-07-16 22:30:15'),
       (11, 'Spring Paws',
        'A lively young dog with exceptional agility and enthusiasm, ready to shine in the competition.',
        '/static/uploads/competitor_images/dogs/dogcompetitor1.jpg', null, 3, 'Samuel', 1, '2022-07-16 23:50:26'),
       (12, 'Sunrise Jumper', 'An energetic dog known for its high jumps and incredible stamina in agility courses.',
        '/static/uploads/competitor_images/dogs/dogcompetitor2.jpg', null, 3, 'john_doe', 1, '2022-07-16 23:50:26'),
       (13, 'Nature’s Howl', 'A dog with a unique and powerful howl, capturing the essence of the wild.',
        '/static/uploads/competitor_images/dogs/dogcompetitor3.jpg', null, 3, 'jane_smith', 1, '2022-07-16 23:50:26'),
       (14, 'Summer Fetcher', 'A champion retriever, excelling in fetching competitions and beach activities.',
        '/static/uploads/competitor_images/dogs/dogcompetitor4.jpg', null, 3, 'admin', 1, '2022-07-16 23:50:26'),
       (15, 'Sunset Sprinter', 'A lightning-fast sprinter, known for its speed and agility on the course.',
        '/static/uploads/competitor_images/dogs/dogcompetitor5.jpg', null, 3, 'john_doe', 1, '2022-07-16 23:50:26'),
       (16, 'Wave Chaser', 'A dog that loves to chase waves, bringing energy and excitement to every run.',
        '/static/uploads/competitor_images/dogs/dogcompetitor6.jpg', null, 3, 'jane_smith', 1, '2022-07-16 23:50:26'),
       (17, 'Autumn Barker', 'A dog with a distinctive bark, perfectly attuned to the sounds of the autumn woods.',
        '/static/uploads/competitor_images/dogs/dogcompetitor7.jpg', null, 3, 'admin', 1, '2022-07-16 23:50:26'),
       (18, 'Golden Retriever', 'A skilled retriever with a golden coat, known for its precision and grace.',
        '/static/uploads/competitor_images/dogs/dogcompetitor8.jpg', null, 3, 'john_doe', 1, '2022-07-16 23:50:26'),
       (19, 'Mystic Sniffer', 'A dog with an extraordinary sense of smell, able to track even the faintest scents.',
        '/static/uploads/competitor_images/dogs/dogcompetitor9.jpg', null, 3, 'jane_smith', 1, '2022-07-16 23:50:26'),
       (20, 'Winter Tail', 'A dog with a thick coat and impressive endurance, thriving in winter conditions.',
        '/static/uploads/competitor_images/dogs/dogcompetitor10.jpg', null, 3, 'admin', 1, '2022-07-16 23:50:26'),
       (21, 'Honey Buzz',
        'A highly skilled bee known for producing the sweetest honey and exceptional hive management.',
        '/static/uploads/competitor_images/bees/beecompetitor1.jpg', null, 2, 'Samuel', 1, '2023-07-17 23:50:26'),
       (22, 'Pollen Queen', 'A bee with a knack for collecting the most pollen, ensuring vibrant and healthy blooms.',
        '/static/uploads/competitor_images/bees/beecompetitor2.jpg', null, 2, 'John_Doe', 1, '2023-07-17 23:50:26'),
       (23, 'Nectar Collector', 'An expert in nectar gathering, contributing to top-quality honey production.',
        '/static/uploads/competitor_images/bees/beecompetitor3.jpg', null, 2, 'Jane_Smith', 1, '2023-07-17 23:50:26'),
       (24, 'Buzzing Champion', 'A champion in hive communication, known for its complex and effective dance patterns.',
        '/static/uploads/competitor_images/bees/beecompetitor4.jpg', null, 2, 'Admin', 1, '2023-07-17 23:50:26'),
       (25, 'Golden Wings', 'A bee with impressive flying skills, capable of covering large areas in search of nectar.',
        '/static/uploads/competitor_images/bees/beecompetitor5.jpg', null, 2, 'Samuel', 1, '2023-07-17 23:50:26'),
       (26, 'Hive Architect', 'Renowned for its ability to build intricate and efficient hive structures.',
        '/static/uploads/competitor_images/bees/beecompetitor6.jpg', null, 2, 'John_Doe', 1, '2023-07-17 23:50:26'),
       (27, 'Pollen Power', 'A bee known for its strength in transporting large amounts of pollen back to the hive.',
        '/static/uploads/competitor_images/bees/beecompetitor7.jpg', null, 2, 'Jane_Smith', 1, '2023-07-17 23:50:26'),
       (28, 'Nectar Ninja', 'An agile bee with remarkable speed and precision in nectar collection.',
        '/static/uploads/competitor_images/bees/beecompetitor8.jpg', null, 2, 'Admin', 1, '2023-07-17 23:50:26'),
       (29, 'Sweet Spinner', 'A bee specializing in spinning honey into a variety of delicious forms.',
        '/static/uploads/competitor_images/bees/beecompetitor9.jpg', null, 2, 'Samuel', 1, '2023-07-17 23:50:26'),
       (30, 'Autumn Blower',
        'An expert at foraging during the autumn season, contributing to a rich and diverse honey flavor.',
        '/static/uploads/competitor_images/bees/beecompetitor10.jpg', null, 2, 'John_Doe', 1, '2023-07-17 23:50:26'),
       (31, 'Sky Soarer', 'An awe-inspiring bird known for its exceptional flight skills and high-altitude soaring.',
        '/static/uploads/competitor_images/birds/birdcompetitor1.jpg', null, 1, 'Samuel', 1, '2024-07-13 10:50:26'),
       (32, 'Forest Melody', 'A bird with a beautiful and melodious song, enchanting audiences with its tunes.',
        '/static/uploads/competitor_images/birds/birdcompetitor2.jpg', null, 1, 'John_Doe', 1, '2024-07-13 10:50:26'),
       (33, 'Feathered Dancer', 'A bird renowned for its graceful and intricate dance moves during courtship.',
        '/static/uploads/competitor_images/birds/birdcompetitor3.jpg', null, 1, 'Jane_Smith', 1, '2024-07-13 10:50:26'),
       (34, 'Bright Plumage',
        'A bird with strikingly colorful feathers, making it a visual standout in the competition.',
        '/static/uploads/competitor_images/birds/birdcompetitor4.jpg', null, 1, 'Admin', 1, '2024-07-13 10:50:26'),
       (35, 'Mountain Flyer', 'An expert in navigating rugged mountain terrains with agility and precision.',
        '/static/uploads/competitor_images/birds/birdcompetitor5.jpg', null, 1, 'Samuel', 1, '2024-07-13 10:50:26'),
       (36, 'Jungle Chatter', 'Known for its diverse and complex vocalizations, a true performer in the avian world.',
        '/static/uploads/competitor_images/birds/birdcompetitor6.jpg', null, 1, 'John_Doe', 1, '2024-07-13 10:50:26'),
       (37, 'Ocean Glider',
        'A bird with exceptional skills in gliding over the ocean, known for its effortless flight.',
        '/static/uploads/competitor_images/birds/birdcompetitor7.jpg', null, 1, 'Jane_Smith', 1, '2024-07-13 10:50:26'),
       (38, 'Desert Nomad', 'Adapted to harsh desert conditions, known for its resilience and unique survival skills.',
        '/static/uploads/competitor_images/birds/birdcompetitor8.jpg', null, 1, 'Admin', 1, '2024-07-13 10:50:26'),
       (39, 'Swamp Specter',
        'A bird with mysterious and elusive behavior, often seen in the quiet and hidden corners of swamps.',
        '/static/uploads/competitor_images/birds/birdcompetitor9.jpg', null, 1, 'Samuel', 1, '2024-07-13 10:50:26'),
       (40, 'Highland Herald',
        'A bird from the highlands, known for its strong and clear calls that echo across the mountains.',
        '/static/uploads/competitor_images/birds/birdcompetitor10.jpg', null, 1, 'John_Doe', 1, '2024-07-13 10:50:26'),
       (41, 'Albatross',
        'Albatrosses are the largest flying seabirds. They spend at least 85% of their lives at sea returning to land (usually remote islands) to breed and raise their young.',
        '/static/uploads/competitor_images/birds/birdcompetitor11.jpg', null, 1, 'Jayden', 1, '2024-03-16 08:23:41'),
       (42, 'Eastern bar-tailed godwit',
        'Bar-tailed godwits are one of 35 species that come to New Zealand each year from the Arctic.',
        '/static/uploads/competitor_images/birds/birdcompetitor12.jpg', null, 1, 'Lisa', 1, '2024-03-13 11:50:26'),
       (43, 'Fantail',
        'Known for its friendly ‘cheet cheet’ call and energetic flying antics, the fantail is one of the most common and widely distributed native birds on the New Zealand mainland.',
        '/static/uploads/competitor_images/birds/birdcompetitor13.jpg', null, 1, 'Glen', 1, '2024-04-13 08:50:26'),
       (44, 'Kea', 'The endangered kea is one of the most intelligent birds in the world.',
        '/static/uploads/competitor_images/birds/birdcompetitor14.jpg', null, 1, 'Louise', 1, '2024-04-13 09:50:26'),
       (45, 'Oystercatcher',
        'It is an endangered species with a high risk of extinction due to its very small population and range',
        '/static/uploads/competitor_images/birds/birdcompetitor15.jpg', null, 1, 'Richard', 1, '2024-04-11 11:30:26'),
       (46, 'Pūkeko',
        'The pūkeko is probably one of the most recognised native birds in New Zealand with its distinctive colourings and habit of feeding on the ground.',
        '/static/uploads/competitor_images/birds/birdcompetitor16.jpg', null, 1, 'Evleyn', 1, '2024-05-13 10:20:26'),
       (47, 'Gull', 'Never feed gulls any food or scraps – some of our food is harmful to them',
        '/static/uploads/competitor_images/birds/birdcompetitor17.jpg', null, 1, 'Leo', 1, '2024-04-17 10:10:26'),
       (48, 'Tūī',
        'Tūī are unique to New Zealand and belong to the honeyeater family, which means they feed mainly on nectar from flowers of native plants.',
        '/static/uploads/competitor_images/birds/birdcompetitor18.jpg', null, 1, 'Neelam', 1, '2024-05-19 11:50:26'),
       (49, 'Silvereye',
        'The silvereye is a small and friendly olive green forest bird with white rings around its eyes.',
        '/static/uploads/competitor_images/birds/birdcompetitor19.jpg', null, 1, 'Jasmine', 1, '2024-05-13 10:50:26'),
       (50, 'Weka', 'The weka is a large, brown flightless bird that has a famously feisty and curious personality.',
        '/static/uploads/competitor_images/birds/birdcompetitor20.jpg', null, 1, 'Joe', 1, '2024-06-13 10:50:26'),
       (51, 'Majestic Stag', 'A regal stag with impressive antlers, known for its commanding presence and grace.',
        '/static/uploads/competitor_images/deers/deercompetitor1.jpg', null, 4, 'Samuel', 1, '2024-09-15 14:57:00'),
       (52, 'Forest Guardian',
        'A strong and protective deer, revered for its role in maintaining the balance of the forest.',
        '/static/uploads/competitor_images/deers/deercompetitor2.jpg', null, 4, 'John_Doe', 1, '2024-09-15 14:57:00'),
       (53, 'Gentle Doe', 'A graceful doe with a gentle demeanor, admired for its beauty and elegance in the wild.',
        '/static/uploads/competitor_images/deers/deercompetitor3.jpg', null, 4, 'Jane_Smith', 1,
        '2024-09-15 14:57:00'),
       (54, 'Winter Walker',
        'A deer adapted to cold climates, known for its endurance and adaptability in snowy terrains.',
        '/static/uploads/competitor_images/deers/deercompetitor4.jpg', null, 4, 'Admin', 1, '2024-09-15 14:57:00'),
       (55, 'Autumn Roamer',
        'A deer that thrives in autumn, with a striking coat that blends seamlessly with the fall foliage.',
        '/static/uploads/competitor_images/deers/deercompetitor5.jpg', null, 4, 'Samuel', 1, '2024-09-15 14:57:00'),
       (56, 'Mountain Prince',
        'A majestic deer from the highlands, known for its impressive antler spread and robust physique.',
        '/static/uploads/competitor_images/deers/deercompetitor6.jpg', null, 4, 'John_Doe', 1, '2024-09-15 14:57:00'),
       (57, 'Meadow Dancer',
        'A lively deer that is known for its playful movements and elegance while grazing in meadows.',
        '/static/uploads/competitor_images/deers/deercompetitor7.jpg', null, 4, 'Jane_Smith', 1,
        '2024-09-15 14:57:00'),
       (58, 'River Watcher',
        'A deer that is often seen near rivers, known for its keen awareness and agility around water.',
        '/static/uploads/competitor_images/deers/deercompetitor8.jpg', null, 4, 'Admin', 1, '2024-09-15 14:57:00'),
       (59, 'Sunset Strider',
        'A deer with a distinctive appearance, often spotted at dusk with a stunning silhouette against the setting sun.',
        '/static/uploads/competitor_images/deers/deercompetitor9.jpg', null, 4, 'Samuel', 1, '2024-09-15 14:57:00'),
       (60, 'Evergreen Sentinel',
        'A deer that stands out in evergreen forests, known for its resilience and enduring presence throughout the year.',
        '/static/uploads/competitor_images/deers/deercompetitor10.jpg', null, 4, 'John_Doe', 1, '2024-09-15 14:57:00'),
       (61, 'Piha Beach',
        'Renowned for its dramatic black sands and surf, Piha Beach is a popular spot for both locals and tourists. Nestled on the west coast, it offers stunning views of the rugged coastline and the iconic Lion Rock. Perfect for surfing, sunbathing, and enjoying breathtaking sunsets.',
        '/static/uploads/competitor_images/beach/pihabeach.jpg', 17, 7, 'John_D', 1, '2023-08-01 09:00:00'),
       (62, 'Blenheim Beach',
        'A serene beach located in the Marlborough region, Blenheim Beach is known for its golden sands and crystal-clear waters. It is an ideal destination for families, featuring picnic areas and shallow waters perfect for children to play.',
        '/static/uploads/competitor_images/beach/blenheimbeach.jpg', 18, 7, 'Sarah_C', 1, '2023-08-01 09:05:00'),
       (63, 'Mount Maunganui Beach',
        'Famous for its vibrant atmosphere, Mount Maunganui Beach offers a stunning backdrop with the Mount looming above. This beach is perfect for swimming, surfing, and enjoying beachfront cafes, making it a family favorite.',
        '/static/uploads/competitor_images/beach/mountmaunganui.jpg', 19, 7, 'Emily_A', 1, '2023-08-01 09:10:00'),
       (64, 'Hot Water Beach',
        'Located on the Coromandel Peninsula, Hot Water Beach is unique for its natural hot springs. Visitors can dig their own hot pools in the sand, providing a unique and relaxing experience, especially during low tide.',
        '/static/uploads/competitor_images/beach/hotwaterbeach.jpg', 20, 7, 'Michael_B', 1, '2023-08-01 09:15:00'),
       (65, 'Ohope Beach',
        'Ohope Beach is a stunning stretch of sand with calm waters ideal for swimming and water sports. It is known for its family-friendly environment and beautiful scenery, making it a great destination for a beach day.',
        '/static/uploads/competitor_images/beach/ohopebeach.jpg', 21, 7, 'Sophie_M', 1, '2023-08-01 09:20:00'),
       (66, 'Karekare Beach',
        'A hidden gem on the west coast, Karekare Beach features rugged cliffs and expansive black sand. It is less crowded than other beaches, providing a peaceful escape and picturesque views, making it a favorite among nature lovers.',
        '/static/uploads/competitor_images/beach/karekarebeach.jpg', 22, 7, 'Laura_T', 1, '2023-08-01 09:25:00'),
       (67, 'Ngarunui Beach',
        'Ngarunui Beach in Raglan is renowned for its surf breaks and stunning coastal scenery. It’s a great spot for both seasoned surfers and families looking to enjoy the sun and sand, with amenities nearby for convenience.',
        '/static/uploads/competitor_images/beach/ngarunuibeach.jpg', 23, 7, 'Daniel_G', 1, '2023-08-01 09:30:00'),
       (68, 'Cooks Beach',
        'Cooks Beach is a tranquil escape with golden sands and calm waters. It is ideal for families, offering safe swimming and beautiful surroundings, making it a perfect spot for a relaxing beach day.',
        '/static/uploads/competitor_images/beach/cooksbeach.jpg', 24, 7, 'Olivia_P', 1, '2023-08-01 09:35:00'),
       (69, 'Mount Cook (Aoraki)',
        'New Zealand’s tallest peak at 3,724 meters, attracting climbers with its alpine environment and breathtaking vistas.',
        '/static/uploads/competitor_images/mountains/aoraki.jpg', 9, 8, 'John_D', 1, '2024-10-13 10:00:00'),
       (70, 'Mount Aspiring (Tititea)',
        'Known for its ridges and glaciers, this Southern Alps beauty draws mountaineers seeking a thrilling adventure.',
        '/static/uploads/competitor_images/mountains/mountaspiring.jpg', 10, 8, 'John_D', 1, '2024-10-13 10:05:00'),
       (71, 'Mount Taranaki',
        'Famous for its perfect conical shape, it offers scenic hiking trails and a resemblance to Japan’s Mount Fuji.',
        '/static/uploads/competitor_images/mountains/mounttaranaki.jpg', 11, 8, 'John_D', 1, '2024-10-13 10:10:00'),
       (72, 'Ben Lomond',
        'A popular Queenstown hike, offering sweeping views of Lake Wakatipu and surrounding snow-capped peaks.',
        '/static/uploads/competitor_images/mountains/benlomond.jpg', 12, 8, 'John_D', 1, '2024-10-13 10:15:00'),
       (73, 'Rocky Mountain',
        'Known for the Diamond Lake trail, this peak offers stunning views of Lake Wanaka and Mount Aspiring National Park.',
        '/static/uploads/competitor_images/mountains/rockymountain.jpg', 13, 8, 'John_D', 1, '2024-10-13 10:20:00'),
       (74, 'Mount Ngauruhoe',
        'Part of Tongariro National Park, this active volcano is famous as “Mount Doom” from *The Lord of the Rings* films.',
        '/static/uploads/competitor_images/mountains/mountngauruhoe.jpg', 14, 8, 'John_D', 1, '2024-10-13 10:25:00'),
       (75, 'Mount Ruapehu',
        'The North Island’s tallest peak, home to ski fields and an active crater lake at its summit.',
        '/static/uploads/competitor_images/mountains/mountruapehu.jpg', 15, 8, 'John_D', 1, '2024-10-13 10:30:00'),
       (76, 'Tongariro Crater',
        'A volcanic wonderland with red craters and emerald lakes, it’s a highlight of the Tongariro Alpine Crossing.',
        '/static/uploads/competitor_images/mountains/tongarirocrater.jpg', 16, 8, 'John_D', 1, '2024-10-13 10:35:00'),
       (77, 'Abel Tasman Coastal Track',
        'A scenic coastal trail with golden beaches, turquoise waters, and lush native bush. Families can enjoy swimming, kayaking, or taking a water taxi between sections of the track. The gentle terrain and abundance of wildlife make it perfect for a multi-day family adventure.',
        '/static/uploads/competitor_images/tracks/abeltasman.jpg', 1, 6, 'Sarah_L', 1, '2024-10-14 09:00:00'),
       (78, 'Mount Maunganui Summit',
        'This popular trail leads to stunning panoramic views of the coastline and surrounding town. The gradual ascent makes it accessible to walkers of all fitness levels, including children. At the summit, families can enjoy breathtaking sunsets or have a picnic while overlooking the Pacific Ocean.',
        '/static/uploads/competitor_images/tracks/mountmaunganui.jpg', 2, 6, 'David_R', 1, '2024-10-14 09:05:00'),
       (79, 'Redwoods Treewalk',
        'An enchanting experience that takes visitors through towering redwood trees on suspended walkways. The trail is family-friendly and offers both daytime and nighttime experiences, with the latter featuring lanterns illuminating the forest. Children and adults alike will be mesmerized by the forest''s peaceful ambiance and the interactive exhibits along the way.',
        '/static/uploads/competitor_images/tracks/redwoodstreewalk.jpg', 3, 6, 'Emily_B', 1, '2024-10-14 09:10:00'),
       (80, 'Lake Matheson Walk',
        'A tranquil loop track that circles the iconic Lake Matheson, known for its stunning reflections of Mount Cook and Mount Tasman. The walk is well-maintained and suitable for strollers, making it ideal for families with young children. Along the way, visitors can pause at viewing platforms to capture perfect photos or relax at the on-site café.',
        '/static/uploads/competitor_images/tracks/lakematheson.jpg', 4, 6, 'Chris_T', 1, '2024-10-14 09:15:00'),
       (81, 'Milford Foreshore Walk',
        'This gentle trail offers breathtaking views of Milford Sound and is perfect for families of all ages. Along the way, visitors can explore informative panels about the region’s history and wildlife. The track''s flat path makes it ideal for strollers, with plenty of spots to stop and enjoy the scenery.',
        '/static/uploads/competitor_images/tracks/milfordforeshore.jpg', 5, 6, 'Anna_J', 1, '2024-10-14 09:20:00'),
       (82, 'Hooker Valley Track',
        'An unforgettable alpine walk that winds through glacial valleys to reach the serene Hooker Lake. Families will cross swing bridges and marvel at the snow-capped peaks of Aoraki/Mount Cook along the way. The relatively flat terrain and breathtaking landscapes make it a great introduction to alpine hiking for children.',
        '/static/uploads/competitor_images/tracks/hookervalley.jpg', 6, 6, 'James_W', 1, '2024-10-14 09:25:00'),
       (83, 'Cathedral Cove Walk',
        'A short coastal walk leading to the beautiful Cathedral Cove, known for its natural rock arch and crystal-clear waters. The trail offers picnic areas and scenic viewpoints, making it an excellent family day out. At the end of the walk, visitors can enjoy a swim or explore the beach’s fascinating rock formations.',
        '/static/uploads/competitor_images/tracks/cathedralcove.jpg', 7, 6, 'Olivia_M', 1, '2024-10-14 09:30:00'),
       (84, 'Rotorua Lakefront Walk',
        'This easy lakeside stroll offers scenic views of Lake Rotorua, with plenty of playgrounds and picnic areas along the way. Families can enjoy cycling paths, feed the ducks, or take a ride on the nearby paddle boat. The walk is lined with cafés, providing the perfect opportunity to relax with a coffee or treat.',
        '/static/uploads/competitor_images/tracks/rotorualakefront.jpg', 8, 6, 'Michael_P', 1, '2024-10-14 09:35:00');

insert into charities (charity_id, charity_image, charity_name, charity_description, reg_num, bank_acc, ird_num,
                       create_by, created_at, theme_id, approved_by, approved_at, approved)
values (2, '/static/uploads/charity_images/spca.jpeg', 'SPCA',
        'SPCA helps protect over 33,000 animals in New Zealand every year. Animals who are sick, injured, abused or vulnerable.',
        'CC123456', '12-3456-1234233-323', '132-323-222', 3, '2024-10-23 02:20:23', 3, 1, '2024-10-23 02:21:01', 1);

insert into tickets (ticket_id, subject, content, status, solution, created_by, created_at, assign_to, updated_by,
                     updated_at)
values (1, 'I need help', 'I cannot update my password', 'new', null, 1, '2024-10-28 00:48:49', null, null, null),
       (2, 'My 2nd ticket', 'this is my 2nd ticket', 'open', null, 1, '2024-10-28 00:49:18', 3, 1,
        '2024-10-28 13:49:50'),
       (3, 'I can cancel my ticket', 'cancel my ticket', 'closed', 'cancelled', 1, '2024-10-28 00:49:34', 4, 1,
        '2024-10-28 13:50:02');

insert into banned_users (ban_id, user_id, banned_reason, banned_by, banned_at, revoked_by, revoked_at, theme_id,
                          revoked)
values (1, 110, 'invalid user', 3, '2024-10-28 01:05:00', null, null, 0, 0),
       (2, 90, 'bot', 3, '2024-10-28 01:05:31', null, null, 2, 0);

insert into notification (notification_id, user_id, content, url, created_at, has_read, read_at)
values (1, 2, 'Theme "Theme 1 Name" has been submitted, please approve it in time.', '/themes/approve#theme-1',
        '2024-10-22 21:33:09', 0, null),
       (2, 3, 'Theme "Theme 1 Name" has been submitted, please approve it in time.', '/themes/approve#theme-1',
        '2024-10-22 21:33:09', 0, null),
       (3, 4, 'Theme "Theme 1 Name" has been submitted, please approve it in time.', '/themes/approve#theme-1',
        '2024-10-22 21:33:09', 0, null),
       (4, 5, 'Theme "Theme 1 Name" has been submitted, please approve it in time.', '/themes/approve#theme-1',
        '2024-10-22 21:33:09', 0, null),
       (5, 2, 'Theme "Theme 2 Name" has been submitted, please approve it in time.', '/themes/approve#theme-2',
        '2024-10-22 21:33:32', 0, null),
       (6, 3, 'Theme "Theme 2 Name" has been submitted, please approve it in time.', '/themes/approve#theme-2',
        '2024-10-22 21:33:32', 0, null),
       (7, 4, 'Theme "Theme 2 Name" has been submitted, please approve it in time.', '/themes/approve#theme-2',
        '2024-10-22 21:33:32', 0, null),
       (8, 5, 'Theme "Theme 2 Name" has been submitted, please approve it in time.', '/themes/approve#theme-2',
        '2024-10-22 21:33:32', 0, null),
       (9, 1, 'Theme "Theme 2 Name" has been approved.', '/themes/my#theme-2', '2024-10-22 21:33:49', 0, null),
       (10, 1, 'Theme "Theme 1 Name" has been approved.', '/themes/my#theme-1', '2024-10-22 21:33:51', 0, null),
       (11, 2, 'Theme "SPCA" has been submitted, please approve it in time.', '/themes/approve#theme-3',
        '2024-10-22 21:35:08', 0, null),
       (12, 3, 'Theme "SPCA" has been submitted, please approve it in time.', '/themes/approve#theme-3',
        '2024-10-22 21:35:08', 0, null),
       (13, 4, 'Theme "SPCA" has been submitted, please approve it in time.', '/themes/approve#theme-3',
        '2024-10-22 21:35:08', 0, null),
       (14, 5, 'Theme "SPCA" has been submitted, please approve it in time.', '/themes/approve#theme-3',
        '2024-10-22 21:35:08', 0, null),
       (15, 1, 'Theme "SPCA" has been approved.', '/themes/my#theme-3', '2024-10-22 21:35:20', 0, null),
       (16, 2, 'Charity "SPCA" has been submitted, please approve it in time.',
        '/donations/charity_sAdmin_mgmt#charity-1', '2024-10-22 21:38:58', 0, null),
       (17, 3, 'Charity "SPCA" has been submitted, please approve it in time.',
        '/donations/charity_sAdmin_mgmt#charity-1', '2024-10-22 21:38:58', 0, null),
       (18, 4, 'Charity "SPCA" has been submitted, please approve it in time.',
        '/donations/charity_sAdmin_mgmt#charity-1', '2024-10-22 21:38:58', 0, null),
       (19, 5, 'Charity "SPCA" has been submitted, please approve it in time.',
        '/donations/charity_sAdmin_mgmt#charity-1', '2024-10-22 21:38:58', 0, null),
       (20, 1, 'Congratulations! Charity "SPCA" has been approved.', '/donations/charity_tAdmin_mgmt/3',
        '2024-10-22 21:39:10', 0, null),
       (21, 3, 'You have been granted the role of tAdmin in theme "SPCA".', '/themes/3/roles', '2024-10-22 23:35:38', 0,
        null),
       (22, 3, 'You have been granted the role of tAdmin in theme "Theme 2 Name".', '/themes/2/roles',
        '2024-10-22 23:35:46', 0, null),
       (23, 3, 'You have been granted the role of tAdmin in theme "Theme 1 Name".', '/themes/1/roles',
        '2024-10-22 23:35:58', 0, null),
       (24, 34, 'You have been granted the role of tScrutineer in theme "SPCA".', '/themes/3/roles',
        '2024-10-22 23:36:07', 0, null),
       (25, 7, 'You have been granted the role of tScrutineer in theme "SPCA".', '/themes/3/roles',
        '2024-10-22 23:36:16', 0, null),
       (26, 34, 'You have been granted the role of tScrutineer in theme "Theme 2 Name".', '/themes/2/roles',
        '2024-10-22 23:36:26', 0, null),
       (27, 7, 'You have been granted the role of tScrutineer in theme "Theme 2 Name".', '/themes/2/roles',
        '2024-10-22 23:36:33', 0, null),
       (28, 34, 'You have been granted the role of tScrutineer in theme "Theme 1 Name".', '/themes/1/roles',
        '2024-10-22 23:36:43', 0, null),
       (29, 7, 'You have been granted the role of tScrutineer in theme "Theme 1 Name".', '/themes/1/roles',
        '2024-10-22 23:36:51', 0, null),
       (30, 1, 'Charity "SPCA" has been submitted, please approve it in time.',
        '/donations/charity_sAdmin_mgmt#charity-2', '2024-10-23 02:20:23', 0, null),
       (31, 2, 'Charity "SPCA" has been submitted, please approve it in time.',
        '/donations/charity_sAdmin_mgmt#charity-2', '2024-10-23 02:20:23', 0, null),
       (32, 4, 'Charity "SPCA" has been submitted, please approve it in time.',
        '/donations/charity_sAdmin_mgmt#charity-2', '2024-10-23 02:20:23', 0, null),
       (33, 5, 'Charity "SPCA" has been submitted, please approve it in time.',
        '/donations/charity_sAdmin_mgmt#charity-2', '2024-10-23 02:20:23', 0, null),
       (34, 3, 'Congratulations! Charity "SPCA" has been approved.', '/donations/charity_tAdmin_mgmt/3',
        '2024-10-23 02:21:01', 0, null),
       (35, 2, 'Ticket "I need help" has been submitted, please help.', '/tickets/mgmt#ticket-1', '2024-10-28 00:48:49',
        0, null),
       (36, 3, 'Ticket "I need help" has been submitted, please help.', '/tickets/mgmt#ticket-1', '2024-10-28 00:48:49',
        0, null),
       (37, 4, 'Ticket "I need help" has been submitted, please help.', '/tickets/mgmt#ticket-1', '2024-10-28 00:48:49',
        0, null),
       (38, 5, 'Ticket "I need help" has been submitted, please help.', '/tickets/mgmt#ticket-1', '2024-10-28 00:48:49',
        0, null),
       (39, 1, 'Ticket "I need help" has new relpy, please help.', '/tickets/1', '2024-10-28 00:49:00', 0, null),
       (40, 2, 'Ticket "My 2nd ticket" has been submitted, please help.', '/tickets/mgmt#ticket-2',
        '2024-10-28 00:49:18', 0, null),
       (41, 3, 'Ticket "My 2nd ticket" has been submitted, please help.', '/tickets/mgmt#ticket-2',
        '2024-10-28 00:49:18', 0, null),
       (42, 4, 'Ticket "My 2nd ticket" has been submitted, please help.', '/tickets/mgmt#ticket-2',
        '2024-10-28 00:49:18', 0, null),
       (43, 5, 'Ticket "My 2nd ticket" has been submitted, please help.', '/tickets/mgmt#ticket-2',
        '2024-10-28 00:49:18', 0, null),
       (44, 2, 'Ticket "I can cancel my ticket" has been submitted, please help.', '/tickets/mgmt#ticket-3',
        '2024-10-28 00:49:34', 0, null),
       (45, 3, 'Ticket "I can cancel my ticket" has been submitted, please help.', '/tickets/mgmt#ticket-3',
        '2024-10-28 00:49:34', 0, null),
       (46, 4, 'Ticket "I can cancel my ticket" has been submitted, please help.', '/tickets/mgmt#ticket-3',
        '2024-10-28 00:49:34', 0, null),
       (47, 5, 'Ticket "I can cancel my ticket" has been submitted, please help.', '/tickets/mgmt#ticket-3',
        '2024-10-28 00:49:34', 0, null),
       (48, 4, 'Ticket "I can cancel my ticket" has been assigned to you, please process.', '/tickets/mgmt',
        '2024-10-28 00:49:45', 0, null),
       (49, 3, 'Ticket "My 2nd ticket" has been assigned to you, please process.', '/tickets/mgmt',
        '2024-10-28 00:49:49', 0, null),
       (50, 1, 'Ticket "I can cancel my ticket" has been closed.', '/tickets/3', '2024-10-28 00:50:02', 0, null),
       (51, 110, 'You have been banned from the site for invalid user.', '/users/dashboard?view=bans',
        '2024-10-28 01:05:00', 0, null),
       (52, 90, 'You have been banned from Scenic Escapes for bot.', '/users/dashboard?view=bans',
        '2024-10-28 01:05:31', 0, null);