insert into locations (location_id, location, latitude, longitude)
values  (1, 'Abel Tasman Coastal Track, Torrent Bay, Tasman, New Zealand', -40.93622740, 173.04955020),
        (2, 'Mount Maunganui, Tauranga, Tauranga City, Bay of Plenty, 3149, New Zealand', -37.63031030, 176.17201160),
        (3, 'Redwoods Treewalk Rotorua, Ngāpuna, Rotorua, Rotorua Lakes District, Bay of Plenty, New Zealand', -38.15638285, 176.27504877),
        (4, 'Lake Matheson Walk, Westland District, West Coast, 7859, New Zealand', -43.44475380, 169.96948000),
        (5, 'Milford Foreshore Walk, Milford Sound, Fiordland Community, Southland District, Southland, New Zealand', -44.67133240, 167.92329600),
        (6, 'Hooker Valley Track, Mackenzie District, Canterbury, 7946, New Zealand', -43.69735390, 170.09648790),
        (7, 'Cathedral Cove, Hahei, Thames-Coromandel District, Waikato, 3591, New Zealand', -36.82865730, 175.79034810),
        (8, 'Ngongotahā Lakefront Reserve, Ngongotahā, Rotorua Lakes District, Bay of Plenty, New Zealand', -38.07514785, 176.21616908),
        (9, 'Mount Cook, Mackenzie District, Canterbury, New Zealand', -43.59500170, 170.14216770),
        (10, 'Mount Aspiring, Westland District, West Coast, New Zealand', -44.38416350, 168.72795710),
        (11, 'Mount Taranaki, Stratford District, Taranaki, New Zealand', -39.29608390, 174.06389450),
        (12, 'Ben Lomond, Hurunui District, Canterbury, New Zealand', -42.85961100, 172.91608300),
        (13, 'Rocky Mountain, Stewart Island / Rakiura Community, Southland District, Southland, New Zealand', -46.86038400, 167.95181780),
        (14, 'Mount Ngāuruhoe, Ruapehu District, Manawatū-Whanganui, New Zealand', -39.15678680, 175.63195110),
        (15, 'Mount Ruapehu, Ruapehu District, Manawatū-Whanganui, New Zealand', -39.28120320, 175.56428870),
        (16, 'Mount Tongariro, Ruapehu District, Manawatū-Whanganui, New Zealand', -39.12987880, 175.63537310),
        (17, 'Piha Beach, Lion Rock Track, Piha, Waitākere Ranges, Auckland, New Zealand', -36.95430000, 174.46630000),
        (18, 'Blenheim, Marlborough, 7301, New Zealand', -41.51186910, 173.95458560),
        (19, 'Mount Maunganui, Tauranga, Tauranga City, Bay of Plenty, 3149, New Zealand', -37.63802180, 176.18388410),
        (20, 'Hot Water Beach, Thames-Coromandel District, Waikato, New Zealand', -36.88981100, 175.82356590),
        (21, 'Ōhope, Whakatāne District, Bay of Plenty, 3121, New Zealand', -37.97165390, 177.05628940),
        (22, 'Karekare Beach, Karekare, Waitākere Ranges, Auckland, New Zealand', -36.98847845, 174.47260093),
        (23, 'Ngarunui Beach, Rangipu, Waikato District, Waikato, New Zealand', -37.81285140, 174.83199504),
        (24, 'Cooks Beach, Thames-Coromandel District, Waikato, 3510, New Zealand', -36.83826560, 175.74106130);

INSERT INTO `users` (`user_id`, `username`, `first_name`, `last_name`, `location_id`, `email`, `description`,
                     `profile_image`, `password_hash`, `role`, `status`, `created_at`)
VALUES (1, 'jack', 'Jack', 'Smith', NULL, 'jack.smith@example.com', 'Enthusiastic voter',
        '/static/uploads/profile_images/profileimage1.jpg',
        '1b9d5850d6de1dae5bde79bdcc0ecc91b8bebbda244e545007d2ac19bcfa2eb1', 'siteAdmin', 'active',
        '2024-09-15 14:57:00'),
       (2, 'jane', 'Jane', 'Doe', NULL, 'jane.doe@example.com', 'Active in community voting',
        '/static/uploads/profile_images/profileimage2.jpg',
        '1b9d5850d6de1dae5bde79bdcc0ecc91b8bebbda244e545007d2ac19bcfa2eb1', 'siteAdmin', 'active',
        '2024-09-15 14:57:00'),
       (3, 'admin', 'Grace', 'Clark', NULL, 'grace.clark@example.com', 'Admin team member',
        '/static/uploads/profile_images/profileimage48.jpg',
        '1b9d5850d6de1dae5bde79bdcc0ecc91b8bebbda244e545007d2ac19bcfa2eb1', 'siteAdmin', 'active',
        '2024-09-15 14:57:00'),
       (4, 'henry', 'Henry', 'Lewis', NULL, 'henry.lewis@example.com', 'System administrator',
        '/static/uploads/profile_images/profileimage49.jpg',
        '1b9d5850d6de1dae5bde79bdcc0ecc91b8bebbda244e545007d2ac19bcfa2eb1', 'siteAdmin', 'active',
        '2024-09-15 14:57:00'),
       (5, 'ivy', 'Ivy', 'Walker', NULL, 'ivy.walker@example.com', 'Manages user accounts',
        '/static/uploads/profile_images/profileimage50.jpg',
        '1b9d5850d6de1dae5bde79bdcc0ecc91b8bebbda244e545007d2ac19bcfa2eb1', 'siteAdmin', 'active',
        '2024-09-15 14:57:00'),
       (6, 'daniel', 'Daniel', 'Lee', NULL, 'daniel.lee@example.com', 'A responsible scrutineer',
        '/static/uploads/profile_images/profileimage45.jpg',
        '1b9d5850d6de1dae5bde79bdcc0ecc91b8bebbda244e545007d2ac19bcfa2eb1', 'siteHelper', 'active',
        '2024-09-15 14:57:00'),
       (7, 'eva', 'Eva', 'Harris', NULL, 'eva.harris@example.com', 'Meticulous scrutineer',
        '/static/uploads/profile_images/profileimage46.jpg',
        '1b9d5850d6de1dae5bde79bdcc0ecc91b8bebbda244e545007d2ac19bcfa2eb1', 'siteHelper', 'active',
        '2024-09-15 14:57:00'),
       (8, 'frank', 'Frank', 'Martin', NULL, 'frank.martin@example.com', 'Ensures fair play',
        '/static/uploads/profile_images/profileimage47.jpg',
        '1b9d5850d6de1dae5bde79bdcc0ecc91b8bebbda244e545007d2ac19bcfa2eb1', 'siteHelper', 'active',
        '2024-09-15 14:57:00'),
       (9, 'michael', 'Michael', 'Taylor', NULL, 'michael.taylor@example.com', 'Passionate about elections',
        '/static/uploads/profile_images/profileimage3.jpg',
        '1b9d5850d6de1dae5bde79bdcc0ecc91b8bebbda244e545007d2ac19bcfa2eb1', 'siteHelper', 'active',
        '2024-09-15 14:57:00'),
       (10, 'lisa', 'Lisa', 'Miller', NULL, 'lisa.miller@example.com', 'Votes regularly',
        '/static/uploads/profile_images/profileimage4.jpg',
        '1b9d5850d6de1dae5bde79bdcc0ecc91b8bebbda244e545007d2ac19bcfa2eb1', 'siteHelper', 'active',
        '2024-09-15 14:57:00'),
       (11, 'noah', 'Noah', 'Wilson', NULL, 'noah.wilson@example.com', 'Committed voter',
        '/static/uploads/profile_images/profileimage5.jpg',
        '1b9d5850d6de1dae5bde79bdcc0ecc91b8bebbda244e545007d2ac19bcfa2eb1', 'voter', 'active', '2024-09-15 14:57:00'),
       (12, 'olivia', 'Olivia', 'Anderson', NULL, 'olivia.anderson@example.com', 'Community-minded voter',
        '/static/uploads/profile_images/profileimage6.jpg',
        '1b9d5850d6de1dae5bde79bdcc0ecc91b8bebbda244e545007d2ac19bcfa2eb1', 'voter', 'active', '2024-09-15 14:57:00'),
       (13, 'matthew', 'Matthew', 'Thomas', NULL, 'matthew.thomas@example.com', 'Civic-minded participant',
        '/static/uploads/profile_images/profileimage7.jpg',
        '1b9d5850d6de1dae5bde79bdcc0ecc91b8bebbda244e545007d2ac19bcfa2eb1', 'voter', 'active', '2024-09-15 14:57:00'),
       (14, 'sophia', 'Sophia', 'Jackson', NULL, 'sophia.jackson@example.com', 'Engaged in local voting',
        '/static/uploads/profile_images/profileimage8.jpg',
        '1b9d5850d6de1dae5bde79bdcc0ecc91b8bebbda244e545007d2ac19bcfa2eb1', 'voter', 'active', '2024-09-15 14:57:00'),
       (15, 'william', 'William', 'Martinez', NULL, 'william.martinez@example.com', 'Dedicated voter',
        '/static/uploads/profile_images/profileimage9.jpg',
        '1b9d5850d6de1dae5bde79bdcc0ecc91b8bebbda244e545007d2ac19bcfa2eb1', 'voter', 'active', '2024-09-15 14:57:00'),
       (16, 'emma', 'Emma', 'White', NULL, 'emma.white@example.com', 'Votes with enthusiasm',
        '/static/uploads/profile_images/profileimage10.jpg',
        '1b9d5850d6de1dae5bde79bdcc0ecc91b8bebbda244e545007d2ac19bcfa2eb1', 'voter', 'active', '2024-09-15 14:57:00'),
       (17, 'lucas', 'Lucas', 'Harris', NULL, 'lucas.harris@example.com', 'Active voter',
        '/static/uploads/profile_images/profileimage11.jpg',
        '1b9d5850d6de1dae5bde79bdcc0ecc91b8bebbda244e545007d2ac19bcfa2eb1', 'voter', 'active', '2024-09-15 14:57:00'),
       (18, 'ava', 'Ava', 'Clark', NULL, 'ava.clark@example.com', 'Regular participant',
        '/static/uploads/profile_images/profileimage12.jpg',
        '1b9d5850d6de1dae5bde79bdcc0ecc91b8bebbda244e545007d2ac19bcfa2eb1', 'voter', 'active', '2024-09-15 14:57:00'),
       (19, 'ethan', 'Ethan', 'Lewis', NULL, 'ethan.lewis@example.com', 'Votes frequently',
        '/static/uploads/profile_images/profileimage13.jpg',
        '1b9d5850d6de1dae5bde79bdcc0ecc91b8bebbda244e545007d2ac19bcfa2eb1', 'voter', 'active', '2024-09-15 14:57:00'),
       (20, 'susam', 'Mia', 'Walker', NULL, 'mia.walker@example.com', 'Dedicated to voting',
        '/static/uploads/profile_images/profileimage14.jpg',
        '1b9d5850d6de1dae5bde79bdcc0ecc91b8bebbda244e545007d2ac19bcfa2eb1', 'voter', 'active', '2024-09-15 14:57:00'),
       (21, 'james', 'James', 'Young', NULL, 'james.young@example.com', 'Active in elections',
        '/static/uploads/profile_images/profileimage15.jpg',
        '1b9d5850d6de1dae5bde79bdcc0ecc91b8bebbda244e545007d2ac19bcfa2eb1', 'voter', 'active', '2024-09-15 14:57:00'),
       (22, 'amelia', 'Amelia', 'King', NULL, 'amelia.king@example.com', 'Community voter',
        '/static/uploads/profile_images/profileimage16.jpg',
        '1b9d5850d6de1dae5bde79bdcc0ecc91b8bebbda244e545007d2ac19bcfa2eb1', 'voter', 'active', '2024-09-15 14:57:00'),
       (23, 'benjamin', 'Benjamin', 'Scott', NULL, 'benjamin.scott@example.com', 'Engaged voter',
        '/static/uploads/profile_images/profileimage17.jpg',
        '1b9d5850d6de1dae5bde79bdcc0ecc91b8bebbda244e545007d2ac19bcfa2eb1', 'voter', 'active', '2024-09-15 14:57:00'),
       (24, 'oliver', 'Oliver', 'Adams', NULL, 'oliver.adams@example.com', 'Passionate about voting',
        '/static/uploads/profile_images/profileimage18.jpg',
        '1b9d5850d6de1dae5bde79bdcc0ecc91b8bebbda244e545007d2ac19bcfa2eb1', 'voter', 'active', '2024-09-15 14:57:00'),
       (25, 'isabella', 'Isabella', 'Mitchell', NULL, 'isabella.mitchell@example.com', 'Votes actively',
        '/static/uploads/profile_images/profileimage19.jpg',
        '1b9d5850d6de1dae5bde79bdcc0ecc91b8bebbda244e545007d2ac19bcfa2eb1', 'voter', 'active', '2024-09-15 14:57:00'),
       (26, 'jacob', 'Jacob', 'Perez', NULL, 'jacob.perez@example.com', 'Regular voter',
        '/static/uploads/profile_images/profileimage20.jpg',
        '1b9d5850d6de1dae5bde79bdcc0ecc91b8bebbda244e545007d2ac19bcfa2eb1', 'voter', 'active', '2024-09-15 14:57:00'),
       (27, 'harper', 'Harper', 'Turner', NULL, 'harper.turner@example.com', 'Community-focused voter',
        '/static/uploads/profile_images/profileimage21.jpg',
        '1b9d5850d6de1dae5bde79bdcc0ecc91b8bebbda244e545007d2ac19bcfa2eb1', 'voter', 'active', '2024-09-15 14:57:00'),
       (28, 'charlotte', 'Charlotte', 'Collins', NULL, 'charlotte.collins@example.com', 'Engaged in voting',
        '/static/uploads/profile_images/profileimage22.jpg',
        '1b9d5850d6de1dae5bde79bdcc0ecc91b8bebbda244e545007d2ac19bcfa2eb1', 'voter', 'active', '2024-09-15 14:57:00'),
       (29, 'lily', 'Lily', 'Davis', NULL, 'lily.davis@example.com', 'Civic-minded voter',
        '/static/uploads/profile_images/profileimage23.jpg',
        '1b9d5850d6de1dae5bde79bdcc0ecc91b8bebbda244e545007d2ac19bcfa2eb1', 'voter', 'active', '2024-09-15 14:57:00'),
       (30, 'henrlery', 'Henry', 'Hernandez', NULL, 'henry.hernandez@example.com', 'Votes with enthusiasm',
        '/static/uploads/profile_images/profileimage24.jpg',
        '1b9d5850d6de1dae5bde79bdcc0ecc91b8bebbda244e545007d2ac19bcfa2eb1', 'voter', 'active', '2024-09-15 14:57:00'),
       (31, 'natalie', 'Natalie', 'Gonzalez', NULL, 'natalie.gonzalez@example.com', 'Passionate voter',
        '/static/uploads/profile_images/profileimage25.jpg',
        '1b9d5850d6de1dae5bde79bdcc0ecc91b8bebbda244e545007d2ac19bcfa2eb1', 'voter', 'active', '2024-09-15 14:57:00'),
       (32, 'seph', 'Joseph', 'Wright', NULL, 'joseph.wright@example.com', 'Active in community voting',
        '/static/uploads/profile_images/profileimage26.jpg',
        '1b9d5850d6de1dae5bde79bdcc0ecc91b8bebbda244e545007d2ac19bcfa2eb1', 'voter', 'active', '2024-09-15 14:57:00'),
       (33, 'daisy', 'Daisy', 'Roberts', NULL, 'daisy.roberts@example.com', 'Votes regularly',
        '/static/uploads/profile_images/profileimage27.jpg',
        '1b9d5850d6de1dae5bde79bdcc0ecc91b8bebbda244e545007d2ac19bcfa2eb1', 'voter', 'active', '2024-09-15 14:57:00'),
       (34, 'aiden', 'Aiden', 'Hall', NULL, 'aiden.hall@example.com', 'Engaged in elections',
        '/static/uploads/profile_images/profileimage28.jpg',
        '1b9d5850d6de1dae5bde79bdcc0ecc91b8bebbda244e545007d2ac19bcfa2eb1', 'voter', 'active', '2024-09-15 14:57:00'),
       (35, 'evelyn', 'Evelyn', 'Allen', NULL, 'evelyn.allen@example.com', 'Regular participant',
        '/static/uploads/profile_images/profileimage29.jpg',
        '1b9d5850d6de1dae5bde79bdcc0ecc91b8bebbda244e545007d2ac19bcfa2eb1', 'voter', 'active', '2024-09-15 14:57:00'),
       (36, 'caleb', 'Caleb', 'Mitchell', NULL, 'caleb.mitchell@example.com', 'Community-minded voter',
        '/static/uploads/profile_images/profileimage30.jpg',
        '1b9d5850d6de1dae5bde79bdcc0ecc91b8bebbda244e545007d2ac19bcfa2eb1', 'voter', 'active', '2024-09-15 14:57:00'),
       (37, 'scarlett', 'Scarlett', 'Rodriguez', NULL, 'scarlett.rodriguez@example.com', 'Civic-focused voter',
        '/static/uploads/profile_images/profileimage31.jpg',
        '1b9d5850d6de1dae5bde79bdcc0ecc91b8bebbda244e545007d2ac19bcfa2eb1', 'voter', 'active', '2024-09-15 14:57:00'),
       (38, 'julia', 'Julia', 'Foster', NULL, 'julia.foster@example.com', 'Engaged in voting',
        '/static/uploads/profile_images/profileimage32.jpg',
        '1b9d5850d6de1dae5bde79bdcc0ecc91b8bebbda244e545007d2ac19bcfa2eb1', 'voter', 'active', '2024-09-15 14:57:00'),
       (39, 'isaac', 'Isaac', 'Cox', NULL, 'isaac.cox@example.com', 'Votes with enthusiasm',
        '/static/uploads/profile_images/profileimage33.jpg',
        '1b9d5850d6de1dae5bde79bdcc0ecc91b8bebbda244e545007d2ac19bcfa2eb1', 'voter', 'active', '2024-09-15 14:57:00'),
       (40, 'mia', 'Mia', 'Ward', NULL, 'mia.ward@example.com', 'Active voter',
        '/static/uploads/profile_images/profileimage34.jpg',
        '1b9d5850d6de1dae5bde79bdcc0ecc91b8bebbda244e545007d2ac19bcfa2eb1', 'voter', 'active', '2024-09-15 14:57:00'),
       (41, 'zachary', 'Zachary', 'Fisher', NULL, 'zachary.fisher@example.com', 'Community-focused voter',
        '/static/uploads/profile_images/profileimage35.jpg',
        '1b9d5850d6de1dae5bde79bdcc0ecc91b8bebbda244e545007d2ac19bcfa2eb1', 'voter', 'active', '2024-09-15 14:57:00'),
       (42, 'grace', 'Grace', 'Price', NULL, 'grace.price@example.com', 'Engaged in elections',
        '/static/uploads/profile_images/profileimage36.jpg',
        '1b9d5850d6de1dae5bde79bdcc0ecc91b8bebbda244e545007d2ac19bcfa2eb1', 'voter', 'active', '2024-09-15 14:57:00'),
       (43, 'ryan', 'Ryan', 'Cook', NULL, 'ryan.cook@example.com', 'Regular participant',
        '/static/uploads/profile_images/profileimage37.jpg',
        '1b9d5850d6de1dae5bde79bdcc0ecc91b8bebbda244e545007d2ac19bcfa2eb1', 'voter', 'active', '2024-09-15 14:57:00'),
       (44, 'samantha', 'Samantha', 'Bell', NULL, 'samantha.bell@example.com', 'Votes actively',
        '/static/uploads/profile_images/profileimage38.jpg',
        '1b9d5850d6de1dae5bde79bdcc0ecc91b8bebbda244e545007d2ac19bcfa2eb1', 'voter', 'active', '2024-09-15 14:57:00'),
       (45, 'austin', 'Austin', 'Murphy', NULL, 'austin.murphy@example.com', 'Community-minded voter',
        '/static/uploads/profile_images/profileimage39.jpg',
        '1b9d5850d6de1dae5bde79bdcc0ecc91b8bebbda244e545007d2ac19bcfa2eb1', 'voter', 'active', '2024-09-15 14:57:00'),
       (46, 'elizabeth', 'Elizabeth', 'Morgan', NULL, 'elizabeth.morgan@example.com', 'Engaged in elections',
        '/static/uploads/profile_images/profileimage40.jpg',
        '1b9d5850d6de1dae5bde79bdcc0ecc91b8bebbda244e545007d2ac19bcfa2eb1', 'voter', 'active', '2024-09-15 14:57:00'),
       (47, 'nathan', 'Nathan', 'Perry', NULL, 'nathan.perry@example.com', 'Active in community voting',
        '/static/uploads/profile_images/profileimage41.jpg',
        '1b9d5850d6de1dae5bde79bdcc0ecc91b8bebbda244e545007d2ac19bcfa2eb1', 'voter', 'active', '2024-09-15 14:57:00'),
       (48, 'lillian', 'Lillian', 'Long', NULL, 'lillian.long@example.com', 'Votes with enthusiasm',
        '/static/uploads/profile_images/profileimage42.jpg',
        '1b9d5850d6de1dae5bde79bdcc0ecc91b8bebbda244e545007d2ac19bcfa2eb1', 'voter', 'active', '2024-09-15 14:57:00'),
       (49, 'joseph', 'Joseph', 'Nguyen', NULL, 'joseph.nguyen@example.com', 'Regular voter',
        '/static/uploads/profile_images/profileimage43.jpg',
        '1b9d5850d6de1dae5bde79bdcc0ecc91b8bebbda244e545007d2ac19bcfa2eb1', 'voter', 'active', '2024-09-15 14:57:00'),
       (50, 'sofia', 'Sofia', 'Rogers', NULL, 'sofia.rogers@example.com', 'Community-focused voter',
        '/static/uploads/profile_images/profileimage44.jpg',
        '1b9d5850d6de1dae5bde79bdcc0ecc91b8bebbda244e545007d2ac19bcfa2eb1', 'voter', 'active', '2024-09-15 14:57:00'),
       (51, 'voter1', 'Lillian', 'Liu', NULL, 'voter1@email.com', 'Votes with enthusiasm',
        '/static/uploads/profile_images/profileimage50.jpg',
        '1b9d5850d6de1dae5bde79bdcc0ecc91b8bebbda244e545007d2ac19bcfa2eb1', 'voter', 'active', '2024-09-15 14:57:00'),
       (52, 'voter2', 'Joseph', 'Nguyen', NULL, 'voter2@email.com', 'Regular voter',
        '/static/uploads/profile_images/profileimage51.jpg',
        '1b9d5850d6de1dae5bde79bdcc0ecc91b8bebbda244e545007d2ac19bcfa2eb1', 'voter', 'active', '2024-09-15 14:57:00'),
       (53, 'voter3', 'Sophia', 'Lee', NULL, 'voter3@email.com', 'Passionate voter',
        '/static/uploads/profile_images/profileimage52.jpg',
        '1b9d5850d6de1dae5bde79bdcc0ecc91b8bebbda244e545007d2ac19bcfa2eb1', 'voter', 'active', '2024-09-15 14:57:00'),
       (54, 'voter4', 'Michael', 'Smith', NULL, 'voter4@email.com', 'Informed voter',
        '/static/uploads/profile_images/profileimage53.jpg',
        '1b9d5850d6de1dae5bde79bdcc0ecc91b8bebbda244e545007d2ac19bcfa2eb1', 'voter', 'active', '2024-09-15 14:57:00'),
       (55, 'voter5', 'Emma', 'Garcia', NULL, 'voter5@email.com', 'Community advocate',
        '/static/uploads/profile_images/profileimage54.jpg',
        '1b9d5850d6de1dae5bde79bdcc0ecc91b8bebbda244e545007d2ac19bcfa2eb1', 'voter', 'active', '2024-09-15 14:57:00'),
       (56, 'voter6', 'Noah', 'Johnson', NULL, 'voter6@email.com', 'Votes regularly',
        '/static/uploads/profile_images/profileimage55.jpg',
        '1b9d5850d6de1dae5bde79bdcc0ecc91b8bebbda244e545007d2ac19bcfa2eb1', 'voter', 'active', '2024-09-15 14:57:00'),
       (57, 'voter7', 'Olivia', 'Martinez', NULL, 'voter7@email.com', 'First-time voter',
        '/static/uploads/profile_images/profileimage56.jpg',
        '1b9d5850d6de1dae5bde79bdcc0ecc91b8bebbda244e545007d2ac19bcfa2eb1', 'voter', 'active', '2024-09-15 14:57:00'),
       (58, 'voter8', 'James', 'Brown', NULL, 'voter8@email.com', 'Engaged citizen',
        '/static/uploads/profile_images/profileimage57.jpg',
        '1b9d5850d6de1dae5bde79bdcc0ecc91b8bebbda244e545007d2ac19bcfa2eb1', 'voter', 'active', '2024-09-15 14:57:00'),
       (59, 'voter9', 'Isabella', 'Davis', NULL, 'voter9@email.com', 'Community leader',
        '/static/uploads/profile_images/profileimage58.jpg',
        '1b9d5850d6de1dae5bde79bdcc0ecc91b8bebbda244e545007d2ac19bcfa2eb1', 'voter', 'active', '2024-09-15 14:57:00'),
       (60, 'voter10', 'Benjamin', 'Wilson', NULL, 'voter10@email.com', 'Long-time voter',
        '/static/uploads/profile_images/profileimage59.jpg',
        '1b9d5850d6de1dae5bde79bdcc0ecc91b8bebbda244e545007d2ac19bcfa2eb1', 'voter', 'active', '2024-09-15 14:57:00'),
       (61, 'voter11', 'Mia', 'Anderson', NULL, 'voter11@email.com', 'Community advocate',
        '/static/uploads/profile_images/profileimage60.jpg',
        '1b9d5850d6de1dae5bde79bdcc0ecc91b8bebbda244e545007d2ac19bcfa2eb1', 'voter', 'active', '2024-09-15 14:57:00'),
       (62, 'voter12', 'Lucas', 'Thomas', NULL, 'voter12@email.com', 'Votes with enthusiasm',
        '/static/uploads/profile_images/profileimage61.jpg',
        '1b9d5850d6de1dae5bde79bdcc0ecc91b8bebbda244e545007d2ac19bcfa2eb1', 'voter', 'active', '2024-09-15 14:57:00'),
       (63, 'voter13', 'Amelia', 'Taylor', NULL, 'voter13@email.com', 'Engaged citizen',
        '/static/uploads/profile_images/profileimage62.jpg',
        '1b9d5850d6de1dae5bde79bdcc0ecc91b8bebbda244e545007d2ac19bcfa2eb1', 'voter', 'active', '2024-09-15 14:57:00'),
       (64, 'voter14', 'Mason', 'Moore', NULL, 'voter14@email.com', 'Votes every election',
        '/static/uploads/profile_images/profileimage63.jpg',
        '1b9d5850d6de1dae5bde79bdcc0ecc91b8bebbda244e545007d2ac19bcfa2eb1', 'voter', 'active', '2024-09-15 14:57:00'),
       (65, 'voter15', 'Harper', 'Hernandez', NULL, 'voter15@email.com', 'Passionate voter',
        '/static/uploads/profile_images/profileimage64.jpg',
        '1b9d5850d6de1dae5bde79bdcc0ecc91b8bebbda244e545007d2ac19bcfa2eb1', 'voter', 'active', '2024-09-15 14:57:00'),
       (66, 'voter16', 'Ethan', 'Lopez', NULL, 'voter16@email.com', 'Informed voter',
        '/static/uploads/profile_images/profileimage65.jpg',
        '1b9d5850d6de1dae5bde79bdcc0ecc91b8bebbda244e545007d2ac19bcfa2eb1', 'voter', 'active', '2024-09-15 14:57:00'),
       (67, 'voter17', 'Evelyn', 'Gonzalez', NULL, 'voter17@email.com', 'Community advocate',
        '/static/uploads/profile_images/profileimage66.jpg',
        '1b9d5850d6de1dae5bde79bdcc0ecc91b8bebbda244e545007d2ac19bcfa2eb1', 'voter', 'active', '2024-09-15 14:57:00'),
       (68, 'voter18', 'Carter', 'Clark', NULL, 'voter18@email.com', 'Votes regularly',
        '/static/uploads/profile_images/profileimage67.jpg',
        '1b9d5850d6de1dae5bde79bdcc0ecc91b8bebbda244e545007d2ac19bcfa2eb1', 'voter', 'active', '2024-09-15 14:57:00'),
       (69, 'voter19', 'Avery', 'Rodriguez', NULL, 'voter19@email.com', 'First-time voter',
        '/static/uploads/profile_images/profileimage68.jpg',
        '1b9d5850d6de1dae5bde79bdcc0ecc91b8bebbda244e545007d2ac19bcfa2eb1', 'voter', 'active', '2024-09-15 14:57:00'),
       (70, 'voter20', 'James', 'Lewis', NULL, 'voter20@email.com', 'Engaged citizen',
        '/static/uploads/profile_images/profileimage69.jpg',
        '1b9d5850d6de1dae5bde79bdcc0ecc91b8bebbda244e545007d2ac19bcfa2eb1', 'voter', 'active', '2024-09-15 14:57:00'),
       (71, 'voter21', 'Sofia', 'Walker', NULL, 'voter21@email.com', 'Community leader',
        '/static/uploads/profile_images/profileimage70.jpg',
        '1b9d5850d6de1dae5bde79bdcc0ecc91b8bebbda244e545007d2ac19bcfa2eb1', 'voter', 'active', '2024-09-15 14:57:00'),
       (72, 'voter22', 'Oliver', 'Hall', NULL, 'voter22@email.com', 'Long-time voter',
        '/static/uploads/profile_images/profileimage71.jpg',
        '1b9d5850d6de1dae5bde79bdcc0ecc91b8bebbda244e545007d2ac19bcfa2eb1', 'voter', 'active', '2024-09-15 14:57:00'),
       (73, 'voter23', 'Charlotte', 'Allen', NULL, 'voter23@email.com', 'Community advocate',
        '/static/uploads/profile_images/profileimage72.jpg',
        '1b9d5850d6de1dae5bde79bdcc0ecc91b8bebbda244e545007d2ac19bcfa2eb1', 'voter', 'active', '2024-09-15 14:57:00'),
       (74, 'voter24', 'Elijah', 'Young', NULL, 'voter24@email.com', 'Votes with enthusiasm',
        '/static/uploads/profile_images/profileimage73.jpg',
        '1b9d5850d6de1dae5bde79bdcc0ecc91b8bebbda244e545007d2ac19bcfa2eb1', 'voter', 'active', '2024-09-15 14:57:00'),
       (75, 'voter25', 'Amelia', 'King', NULL, 'voter25@email.com', 'Engaged citizen',
        '/static/uploads/profile_images/profileimage74.jpg',
        '1b9d5850d6de1dae5bde79bdcc0ecc91b8bebbda244e545007d2ac19bcfa2eb1', 'voter', 'active', '2024-09-15 14:57:00'),
       (76, 'voter26', 'Aiden', 'Wright', NULL, 'voter26@email.com', 'Votes every election',
        '/static/uploads/profile_images/profileimage75.jpg',
        '1b9d5850d6de1dae5bde79bdcc0ecc91b8bebbda244e545007d2ac19bcfa2eb1', 'voter', 'active', '2024-09-15 14:57:00'),
       (77, 'voter27', 'Scarlett', 'Scott', NULL, 'voter27@email.com', 'Passionate voter',
        '/static/uploads/profile_images/profileimage76.jpg',
        '1b9d5850d6de1dae5bde79bdcc0ecc91b8bebbda244e545007d2ac19bcfa2eb1', 'voter', 'active', '2024-09-15 14:57:00'),
       (78, 'voter28', 'Jack', 'Green', NULL, 'voter28@email.com', 'Informed voter',
        '/static/uploads/profile_images/profileimage77.jpg',
        '1b9d5850d6de1dae5bde79bdcc0ecc91b8bebbda244e545007d2ac19bcfa2eb1', 'voter', 'active', '2024-09-15 14:57:00'),
       (79, 'voter29', 'Victoria', 'Baker', NULL, 'voter29@email.com', 'Community advocate',
        '/static/uploads/profile_images/profileimage78.jpg',
        '1b9d5850d6de1dae5bde79bdcc0ecc91b8bebbda244e545007d2ac19bcfa2eb1', 'voter', 'active', '2024-09-15 14:57:00'),
       (80, 'voter30', 'Daniel', 'Adams', NULL, 'voter30@email.com', 'Votes regularly',
        '/static/uploads/profile_images/profileimage79.jpg',
        '1b9d5850d6de1dae5bde79bdcc0ecc91b8bebbda244e545007d2ac19bcfa2eb1', 'voter', 'active', '2024-09-15 14:57:00'),
       (81, 'voter31', 'Grace', 'Nelson', NULL, 'voter31@email.com', 'First-time voter',
        '/static/uploads/profile_images/profileimage80.jpg',
        '1b9d5850d6de1dae5bde79bdcc0ecc91b8bebbda244e545007d2ac19bcfa2eb1', 'voter', 'active', '2024-09-15 14:57:00'),
       (82, 'voter32', 'Henry', 'Carter', NULL, 'voter32@email.com', 'Engaged citizen',
        '/static/uploads/profile_images/profileimage81.jpg',
        '1b9d5850d6de1dae5bde79bdcc0ecc91b8bebbda244e545007d2ac19bcfa2eb1', 'voter', 'active', '2024-09-15 14:57:00'),
       (83, 'voter33', 'Chloe', 'Mitchell', NULL, 'voter33@email.com', 'Community leader',
        '/static/uploads/profile_images/profileimage82.jpg',
        '1b9d5850d6de1dae5bde79bdcc0ecc91b8bebbda244e545007d2ac19bcfa2eb1', 'voter', 'active', '2024-09-15 14:57:00'),
       (84, 'voter34', 'Sebastian', 'Perez', NULL, 'voter34@email.com', 'Long-time voter',
        '/static/uploads/profile_images/profileimage83.jpg',
        '1b9d5850d6de1dae5bde79bdcc0ecc91b8bebbda244e545007d2ac19bcfa2eb1', 'voter', 'active', '2024-09-15 14:57:00'),
       (85, 'voter35', 'Riley', 'Roberts', NULL, 'voter35@email.com', 'Community advocate',
        '/static/uploads/profile_images/profileimage84.jpg',
        '1b9d5850d6de1dae5bde79bdcc0ecc91b8bebbda244e545007d2ac19bcfa2eb1', 'voter', 'active', '2024-09-15 14:57:00'),
       (86, 'voter36', 'Liam', 'Turner', NULL, 'voter36@email.com', 'Votes with enthusiasm',
        '/static/uploads/profile_images/profileimage85.jpg',
        '1b9d5850d6de1dae5bde79bdcc0ecc91b8bebbda244e545007d2ac19bcfa2eb1', 'voter', 'active', '2024-09-15 14:57:00'),
       (87, 'voter37', 'Zoe', 'Phillips', NULL, 'voter37@email.com', 'Engaged citizen',
        '/static/uploads/profile_images/profileimage86.jpg',
        '1b9d5850d6de1dae5bde79bdcc0ecc91b8bebbda244e545007d2ac19bcfa2eb1', 'voter', 'active', '2024-09-15 14:57:00'),
       (88, 'voter38', 'Matthew', 'Campbell', NULL, 'voter38@email.com', 'Votes every election',
        '/static/uploads/profile_images/profileimage87.jpg',
        '1b9d5850d6de1dae5bde79bdcc0ecc91b8bebbda244e545007d2ac19bcfa2eb1', 'voter', 'active', '2024-09-15 14:57:00'),
       (89, 'voter39', 'Lily', 'Parker', NULL, 'voter39@email.com', 'Passionate voter',
        '/static/uploads/profile_images/profileimage88.jpg',
        '1b9d5850d6de1dae5bde79bdcc0ecc91b8bebbda244e545007d2ac19bcfa2eb1', 'voter', 'active', '2024-09-15 14:57:00'),
       (90, 'voter40', 'Alexander', 'Evans', NULL, 'voter40@email.com', 'Informed voter',
        '/static/uploads/profile_images/profileimage89.jpg',
        '1b9d5850d6de1dae5bde79bdcc0ecc91b8bebbda244e545007d2ac19bcfa2eb1', 'voter', 'active', '2024-09-15 14:57:00'),
       (91, 'voter41', 'Aria', 'Edwards', NULL, 'voter41@email.com', 'Community advocate',
        '/static/uploads/profile_images/profileimage90.jpg',
        '1b9d5850d6de1dae5bde79bdcc0ecc91b8bebbda244e545007d2ac19bcfa2eb1', 'voter', 'active', '2024-09-15 14:57:00'),
       (92, 'voter42', 'William', 'Collins', NULL, 'voter42@email.com', 'Votes regularly',
        '/static/uploads/profile_images/profileimage91.jpg',
        '1b9d5850d6de1dae5bde79bdcc0ecc91b8bebbda244e545007d2ac19bcfa2eb1', 'voter', 'active', '2024-09-15 14:57:00'),
       (93, 'voter43', 'Ellie', 'Stewart', NULL, 'voter43@email.com', 'First-time voter',
        '/static/uploads/profile_images/profileimage92.jpg',
        '1b9d5850d6de1dae5bde79bdcc0ecc91b8bebbda244e545007d2ac19bcfa2eb1', 'voter', 'active', '2024-09-15 14:57:00'),
       (94, 'voter44', 'Jayden', 'Morris', NULL, 'voter44@email.com', 'Engaged citizen',
        '/static/uploads/profile_images/profileimage93.jpg',
        '1b9d5850d6de1dae5bde79bdcc0ecc91b8bebbda244e545007d2ac19bcfa2eb1', 'voter', 'active', '2024-09-15 14:57:00'),
       (95, 'voter45', 'Layla', 'Rogers', NULL, 'voter45@email.com', 'Community leader',
        '/static/uploads/profile_images/profileimage94.jpg',
        '1b9d5850d6de1dae5bde79bdcc0ecc91b8bebbda244e545007d2ac19bcfa2eb1', 'voter', 'active', '2024-09-15 14:57:00'),
       (96, 'voter46', 'Jackson', 'Reed', NULL, 'voter46@email.com', 'Long-time voter',
        '/static/uploads/profile_images/profileimage95.jpg',
        '1b9d5850d6de1dae5bde79bdcc0ecc91b8bebbda244e545007d2ac19bcfa2eb1', 'voter', 'active', '2024-09-15 14:57:00'),
       (97, 'voter47', 'Grace', 'Cook', NULL, 'voter47@email.com', 'Community advocate',
        '/static/uploads/profile_images/profileimage96.jpg',
        '1b9d5850d6de1dae5bde79bdcc0ecc91b8bebbda244e545007d2ac19bcfa2eb1', 'voter', 'active', '2024-09-15 14:57:00'),
       (98, 'voter48', 'Grayson', 'Morgan', NULL, 'voter48@email.com', 'Votes with enthusiasm',
        '/static/uploads/profile_images/profileimage97.jpg',
        '1b9d5850d6de1dae5bde79bdcc0ecc91b8bebbda244e545007d2ac19bcfa2eb1', 'voter', 'active', '2024-09-15 14:57:00'),
       (99, 'voter49', 'Aubrey', 'Bell', NULL, 'voter49@email.com', 'Engaged citizen',
        '/static/uploads/profile_images/profileimage98.jpg',
        '1b9d5850d6de1dae5bde79bdcc0ecc91b8bebbda244e545007d2ac19bcfa2eb1', 'voter', 'active', '2024-09-15 14:57:00'),
       (100, 'voter50', 'David', 'Murphy', NULL, 'voter50@email.com', 'Votes every election',
        '/static/uploads/profile_images/profileimage99.jpg',
        '1b9d5850d6de1dae5bde79bdcc0ecc91b8bebbda244e545007d2ac19bcfa2eb1', 'voter', 'active', '2024-09-15 14:57:00'),
       (101, 'voter51', 'Emily', 'Bailey', NULL, 'voter51@email.com', 'Passionate voter',
        '/static/uploads/profile_images/profileimage100.jpg',
        '1b9d5850d6de1dae5bde79bdcc0ecc91b8bebbda244e545007d2ac19bcfa2eb1', 'voter', 'active', '2024-09-15 14:57:00'),
       (102, 'voter52', 'Mason', 'Rivera', NULL, 'voter52@email.com', 'Informed voter',
        '/static/uploads/profile_images/profileimage101.jpg',
        '1b9d5850d6de1dae5bde79bdcc0ecc91b8bebbda244e545007d2ac19bcfa2eb1', 'voter', 'active', '2024-09-15 14:57:00'),
       (103, 'voter53', 'Ella', 'Cooper', NULL, 'voter53@email.com', 'Community advocate',
        '/static/uploads/profile_images/profileimage102.jpg',
        '1b9d5850d6de1dae5bde79bdcc0ecc91b8bebbda244e545007d2ac19bcfa2eb1', 'voter', 'active', '2024-09-15 14:57:00'),
       (104, 'voter54', 'Logan', 'Richardson', NULL, 'voter54@email.com', 'Votes regularly',
        '/static/uploads/profile_images/profileimage103.jpg',
        '1b9d5850d6de1dae5bde79bdcc0ecc91b8bebbda244e545007d2ac19bcfa2eb1', 'voter', 'active', '2024-09-15 14:57:00'),
       (105, 'voter55', 'Scarlett', 'Gomez', NULL, 'voter55@email.com', 'First-time voter',
        '/static/uploads/profile_images/profileimage104.jpg',
        '1b9d5850d6de1dae5bde79bdcc0ecc91b8bebbda244e545007d2ac19bcfa2eb1', 'voter', 'active', '2024-09-15 14:57:00'),
       (106, 'voter56', 'Lucas', 'Ward', NULL, 'voter56@email.com', 'Engaged citizen',
        '/static/uploads/profile_images/profileimage105.jpg',
        '1b9d5850d6de1dae5bde79bdcc0ecc91b8bebbda244e545007d2ac19bcfa2eb1', 'voter', 'active', '2024-09-15 14:57:00'),
       (107, 'voter57', 'Victoria', 'Torres', NULL, 'voter57@email.com', 'Community leader',
        '/static/uploads/profile_images/profileimage106.jpg',
        '1b9d5850d6de1dae5bde79bdcc0ecc91b8bebbda244e545007d2ac19bcfa2eb1', 'voter', 'active', '2024-09-15 14:57:00'),
       (108, 'voter58', 'Henry', 'Ramirez', NULL, 'voter58@email.com', 'Long-time voter',
        '/static/uploads/profile_images/profileimage107.jpg',
        '1b9d5850d6de1dae5bde79bdcc0ecc91b8bebbda244e545007d2ac19bcfa2eb1', 'voter', 'active', '2024-09-15 14:57:00'),
       (109, 'voter59', 'Sophie', 'Morgan', NULL, 'voter59@email.com', 'Community advocate',
        '/static/uploads/profile_images/profileimage108.jpg',
        '1b9d5850d6de1dae5bde79bdcc0ecc91b8bebbda244e545007d2ac19bcfa2eb1', 'voter', 'active', '2024-09-15 14:57:00'),
       (110, 'voter60', 'Oliver', 'Peterson', NULL, 'voter60@email.com', 'Votes with enthusiasm',
        '/static/uploads/profile_images/profileimage109.jpg',
        '1b9d5850d6de1dae5bde79bdcc0ecc91b8bebbda244e545007d2ac19bcfa2eb1', 'voter', 'active', '2024-09-15 14:57:00');


INSERT INTO `themes` (`theme_id`, `theme_name`, `theme_description`, `created_by`, `created_at`, `approved_by`,
                      `approved_at`, `approved`, `accepted`, `enable_location`)
VALUES (1, 'Bird of the Year',
        'The Bird of the Year voting event is a celebration of avian diversity and the unique bird species found in our environment. Participants are encouraged to nominate and vote for their favorite bird, highlighting its distinctive features, behaviors, and ecological importance. This initiative aims to raise awareness about bird conservation and the challenges many species face today. Join us in honoring these incredible creatures and promoting efforts to protect their habitats and ensure their survival!',
        3, '2024-09-16 13:28:10', 1, '2024-09-17 13:12:52', 1, 1, 0),
       (2, 'Mushroom of the Year',
        'The Mushroom of the Year voting event in New Zealand celebrates the diverse and fascinating fungi found across the country. Participants can cast their votes for their favorite mushroom species, highlighting their unique characteristics and ecological importance. This initiative aims to raise awareness about mushrooms and promote interest in mycology among the public. Join us in recognizing the incredible variety of mushrooms that contribute to New Zealand\'s natural heritage!',
        3, '2024-09-21 12:02:40', 1, '2024-09-21 12:07:47', 1, 1, 0),
       (3, 'Dog of the Year',
        'The Dog of the Year voting event is an exciting celebration of our beloved canine companions. This initiative invites dog owners and enthusiasts to nominate and vote for their favorite dogs, showcasing their unique traits, talents, and heartwarming stories. The event aims to honor the special bond between humans and dogs while promoting responsible pet ownership and animal welfare. Join us in recognizing the incredible dogs that bring joy and companionship to our lives!',
        3, '2024-09-21 12:03:38', 1, '2024-09-21 12:07:35', 1, 1, 0),
       (4, 'Bee of the Year',
        'The Bee of the Year voting event highlights the vital role that bees play in our ecosystem and food production. Participants are encouraged to nominate and vote for their favorite bee species, celebrating their unique characteristics and contributions to biodiversity. This initiative aims to raise awareness about the importance of bee conservation and the challenges they face. Join us in honoring these remarkable pollinators and promoting efforts to protect their habitats!',
        3, '2024-09-21 12:04:25', 1, '2024-09-21 12:07:30', 1, 1, 0),
       (5, 'Deer of the Year',
        'The Deer of the Year voting event celebrates the majestic and diverse species of deer found in various habitats. Participants are invited to nominate and vote for their favorite deer, showcasing their unique traits, behaviors, and ecological significance. This initiative aims to raise awareness about deer conservation and the importance of maintaining healthy ecosystems. Join us in recognizing these beautiful animals and promoting efforts to protect their natural environments!',
        3, '2024-09-21 12:04:55', 1, '2024-09-21 12:07:20', 1, 1, 0),
       (6, 'Bridge of the Year',
        'The Bridge of the Year voting event celebrates the engineering marvels that connect people and places across New Zealand. Participants are invited to nominate and vote for their favorite bridges, highlighting their architectural beauty, historical significance, and functional importance. Whether it’s a modern masterpiece or a historic structure, every bridge tells a story of ingenuity and connection. Cast your vote and show appreciation for the bridges that make journeys smoother, inspire awe, and strengthen communities!',
        3, '2024-10-13 10:32:00', 1, '2024-10-13 11:00:00', 1, 1, 1),
       (7, 'Tracks of the Year',
        'The Tracks of the Year voting event celebrates the diverse and scenic walking, biking, and hiking trails across New Zealand. Participants can nominate and vote for their favorite trails, showcasing their natural beauty, accessibility, and recreational value. From short scenic walks to multi-day treks, New Zealand’s trails offer something for everyone. Cast your vote to spotlight the paths that inspire exploration, promote well-being, and foster a deeper connection with nature. Together, let’s honor the trails that lead us to adventure!',
        3, '2024-10-13 10:36:00', 1, '2024-10-13 11:04:00', 1, 1, 1),
       (8, 'Beach of the Year',
        'The Beach of the Year voting event invites participants to celebrate New Zealand\'s stunning coastline by nominating and voting for their favorite beaches. From golden sands to hidden coves, this initiative aims to highlight the beauty and environmental value of our beaches while raising awareness about coastal conservation. Whether you’re a fan of surfing, swimming, or simply relaxing on the shore, your vote helps protect these natural treasures. Join the movement to honor the beaches that offer unforgettable escapes and inspire coastal stewardship!',
        3, '2024-10-13 10:34:00', 1, '2024-10-13 11:02:00', 1, 1, 1),
       (9, 'Mountain of the Year',
        'The Mountain of the Year voting event honors the towering peaks and majestic ranges that define New Zealand\'s landscape. Participants can nominate and vote for their favorite mountains, celebrating their scenic beauty, recreational value, and cultural significance. Whether it’s a snow-capped summit or a forest-covered ridge, these mountains challenge adventurers and provide peaceful retreats for nature lovers. Vote for the mountains that inspire you and contribute to preserving the majestic landscapes that shape our national identity!',
        3, '2024-10-13 10:35:00', 1, '2024-10-13 11:03:00', 1, 1, 1);

insert into events (event_id, name, description, image, start_date, end_date, status, create_by, created_at,
                    theme_id, verified_by, verified_at, verified)
values (1, 'Bird of the Year 2020',
        'A vibrant celebration of the country’s avian diversity. This competition invites bird enthusiasts to showcase the beauty and talents of their feathered friends, from singing competitions to displays of unique plumage. It’s a colorful and lively event that draws nature lovers from all corners.',
        '/static/uploads/competition_images/birdcompetition1.png', '2020-06-12 00:00:00', '2020-07-30 00:00:00',
        'published', 3, '2024-07-11 23:50:26', 1, null, null, 0),
       (2, 'Bird of the Year 2021',
        'The Bird of the Year 2021 event celebrates the incredible variety of native bird species in New Zealand. From the cheeky Kea to the elusive Kākāpō, participants are invited to vote for their favorite bird, highlighting its ecological importance and unique traits. This event aims to promote awareness about bird conservation and inspire action to protect their habitats. Join us in celebrating these fascinating creatures that play a vital role in maintaining biodiversity!',
        '/static/uploads/competition_images/birdcompetition2.png', '2021-06-15 00:00:00', '2021-07-30 00:00:00',
        'published', 3, '2024-10-13 12:00:00', 1, null, null, 0),
       (3, 'Bird of the Year 2022',
        'The 2022 edition of Bird of the Year invites communities to come together and spotlight New Zealand’s feathered friends. Whether it''s the haunting call of the Kiwi or the bright flash of the Tūī in flight, every bird has a story worth telling. This event raises awareness of the challenges faced by native birds, encouraging the public to take part in conservation efforts. Let’s make a difference by voting for our favorite birds and ensuring their songs continue to be heard in the wild!',
        '/static/uploads/competition_images/birdcompetition3.png', '2022-06-18 00:00:00', '2022-07-31 00:00:00',
        'published', 3, '2024-10-13 12:05:00', 1, null, null, 0),
       (4, 'Bird of the Year 2023',
        'The Bird of the Year 2023 event invites people of all ages to connect with nature by supporting their favorite birds through votes and stories. This year’s competition emphasizes not only the beauty but also the ecological roles of each bird species. With interactive activities and educational campaigns, the event aims to foster a deeper connection between people and wildlife. Let’s rally behind the birds we love and contribute to their conservation for future generations!',
        '/static/uploads/competition_images/birdcompetition4.png', '2023-06-20 00:00:00', '2023-07-31 00:00:00',
        'published', 3, '2024-10-13 12:10:00', 1, null, null, 0),
       (5, 'Mushroom of the Year 2022',
        'Explore the diverse world of bird in the New Zealand Bird competition of 2022. This event brings together enthusiasts and experts to showcase a stunning variety of birds, celebrating their unique forms, colors, and ecological importance.',
        '/static/uploads/competition_images/mushroomcompetition1.png', '2022-08-01 00:00:00', '2022-09-30 00:00:00',
        'verified', 3, '2022-07-15 13:50:26', 2, null, '2022-10-17 12:45:36', 1),
       (6, 'Mushroom of the Year 2023',
        'Discover the captivating world of fungi with the Mushroom of the Year 2022 competition! This event invites nature lovers, foragers, and scientists to celebrate the incredible diversity of mushrooms found across New Zealand. Participants are encouraged to vote for their favorite species, showcasing their unique shapes, colors, and ecological significance. Mushrooms are not just beautiful – they are vital to maintaining healthy ecosystems, playing a key role in nutrient cycling and symbiotic relationships with plants. This year’s event also highlights the importance of protecting fungal habitats as environmental changes threaten biodiversity. Join workshops, guided forest walks, and citizen science projects to explore the hidden wonders of mushrooms up close. Whether you''re a mycology expert or a curious beginner, there’s something for everyone to enjoy!',
        '/static/uploads/competition_images/mushroomcompetition2.png', '2023-08-01 00:00:00', '2023-09-30 00:00:00',
        'verified', 3, '2022-07-15 13:50:26', 2, null, '2022-10-17 12:45:36', 1),
       (7, 'Dog of the Year 2022',
        'Celebrate the agility, strength, and loyalty of birds in this annual competition. From high-energy obstacle courses to demonstrations of incredible obedience, this event showcases the best in canine talent, drawing participants and spectators from across the country.',
        '/static/uploads/competition_images/dogcompetition1.png', '2022-08-01 00:00:00', '2022-09-30 00:00:00',
        'published', 3, '2022-07-15 23:50:26', 3, null, null, 0),
       (8, 'Dog of the Year 2023',
        'Celebrate the agility, strength, and loyalty of dogs in this exciting annual competition. From high-energy obstacle courses to demonstrations of impressive obedience, the event showcases the finest canine talents, drawing participants and spectators from across the country. Whether it''s a rescue dog showing courage, a service dog displaying incredible focus, or a family pet charming the audience with tricks, there’s something for everyone to enjoy. This year’s event also promotes responsible pet ownership, encouraging proper care and training to strengthen the bond between humans and their furry companions. Join us to celebrate the remarkable dogs that enrich our lives and inspire us every day!',
        '/static/uploads/competition_images/dogcompetition2.png', '2023-08-01 00:00:00', '2023-09-30 00:00:00',
        'published', 3, '2023-07-15 23:50:26', 3, null, null, 0),
       (9, 'Bee of the Year 2020',
        'A flying competition that puts the spotlight on our birds. This event is dedicated to showcasing the skills and speed of birds in pollination challenges, honey production, and hive-building activities. A unique and engaging way to celebrate these vital creatures.',
        '/static/uploads/competition_images/beecompetition1.png', '2020-09-12 00:00:00', '2020-11-30 00:00:00',
        'published', 3, '2020-07-15 23:50:26', 4, null, null, 0),
       (10, 'Bee of the Year 2021',
        'The Bee of the Year 2021 competition celebrates the vital contributions of bees to our environment and food systems. This year’s event invites participants to dive into the world of bees through interactive exhibits, honey-tasting sessions, and hands-on hive-building workshops. It also promotes awareness about the challenges bees face, such as habitat loss and climate change, while highlighting the importance of sustainable beekeeping practices. Native and introduced species alike will be in the spotlight, showcasing their ecological importance and fascinating behaviors. Join us in honoring these tiny pollinators and supporting efforts to protect their habitats for future generations!',
        '/static/uploads/competition_images/beecompetition2.png', '2021-09-12 00:00:00', '2021-11-30 00:00:00',
        'published', 3, '2021-07-15 23:50:26', 4, null, null, 0),
       (11, 'Deer of the year 2025',
        'An impressive showcase of the elegance and majesty of birds. This competition highlights the finest stags and does, focusing on attributes such as antler growth, agility, and overall health. A must-see for wildlife enthusiasts and those passionate about conservation.',
        '/static/uploads/competition_images/deercompetition1.png', '2025-09-01 00:00:00', '2025-09-15 00:00:00',
        'published', 3, '2024-09-15 14:57:00', 5, null, null, 0),
       (12, 'The Best Bridges of New Zealand 2021',
        'Explore the architectural marvels that connect us with the land in *The Best Bridges of New Zealand 2021* competition. This event celebrates the beauty, history, and engineering brilliance of bridges across the country, from iconic landmarks to hidden gems. Participants are invited to vote for their favorite bridges, considering both aesthetic appeal and structural significance. Alongside the voting, the event highlights the role of bridges in connecting communities, fostering trade, and shaping the landscape. Whether you’re an engineering enthusiast or a casual traveler, this competition offers a unique way to appreciate the craftsmanship behind New Zealand’s most remarkable crossings.',
        '/static/uploads/competition_images/bridgecompetition.png', '2021-05-01 00:00:00', '2021-07-31 00:00:00',
        'draft', 3, '2021-04-15 23:50:26', 6, null, null, 0),
       (13, 'Family Loved Trails',
        'Explore the great outdoors with the *Family Loved Trails* competition! This event highlights the best hiking and walking trails in New Zealand that are perfect for families. Participants can vote for trails based on their accessibility, scenic beauty, and family-friendly features. The competition encourages outdoor activities and fosters a love for nature among children and parents alike, promoting healthy lifestyles and unforgettable family adventures.',
        '/static/uploads/competition_images/familytrails.png', '2024-10-01 00:00:00', '2024-12-31 00:00:00',
        'published', 3,
        '2024-03-15 23:50:26', 7, null, null, 0),
       (14, 'The Most Popular Beach',
        'Dive into the sun and surf at the *Most Popular Beach* competition! This event invites beach lovers to vote for their favorite coastal spots around New Zealand. Whether it’s the soft sands, clear waters, or vibrant beach culture, participants can showcase what makes their chosen beach the best. The competition also highlights the importance of beach conservation and community efforts to keep our coastlines beautiful and accessible for future generations.',
        '/static/uploads/competition_images/popularbeach.png', '2024-10-01 00:00:00', '2024-12-31 00:00:00',
        'published', 3,
        '2024-01-20 23:50:26', 8, null, null, 0),
       (15, 'The Great Mountains',
        'Experience the majesty of nature in the *Great Mountains* competition! This event celebrates New Zealand’s stunning mountain ranges, inviting participants to vote for their favorite peaks based on breathtaking views, hiking trails, and unique geological features. From the Southern Alps to the volcanic landscapes, each entry showcases the diverse beauty of our mountains and their significance in Māori culture and New Zealand heritage.',
        '/static/uploads/competition_images/greatmountains.png', '2024-11-01 00:00:00', '2024-12-31 00:00:00',
        'published',
        3, '2024-02-10 23:50:26', 9, null, null, 0);

insert into candidates (candidate_id, name, description, image, location_id, event_id, author, create_by, created_at)
values (1, 'Golden Cap', 'A vibrant mushroom with a golden cap that stands out in any field.',
        '/static/uploads/competitor_images/mushrooms/mushroomcompetitor1.jpg', null, 5, 'Alice_B', 1,
        '2022-03-16 08:23:41'),
       (2, 'Sporeburst', 'Known for its rapid spore release and bright coloration.',
        '/static/uploads/competitor_images/mushrooms/mushroomcompetitor2.jpg', null, 5, 'Brian_M', 2,
        '2022-04-21 14:56:12'),
       (3, 'Forest Glow', 'A bioluminescent mushroom that illuminates the forest floor.',
        '/static/uploads/competitor_images/mushrooms/mushroomcompetitor3.jpg', null, 5, 'Chloe_R', 3,
        '2022-05-09 19:11:25'),
       (4, 'Whispering Oak', 'A resilient mushroom often found beneath oak trees.',
        '/static/uploads/competitor_images/mushrooms/mushroomcompetitor4.jpg', null, 5, 'David_S', 4,
        '2022-05-23 07:42:56'),
       (5, 'Amber Veil', 'A delicate mushroom with a translucent amber cap.',
        '/static/uploads/competitor_images/mushrooms/mushroomcompetitor5.jpg', null, 6, 'Eva_K', 5,
        '2022-06-02 11:25:33'),
       (6, 'Misty Shroud', 'A mushroom with a veil-like structure that creates a misty aura.',
        '/static/uploads/competitor_images/mushrooms/mushroomcompetitor6.jpg', null, 6, 'Frank_L', 6,
        '2022-06-15 03:10:47'),
       (7, 'Starlight Cap', 'A rare mushroom that sparkles under moonlight.',
        '/static/uploads/competitor_images/mushrooms/mushroomcompetitor7.jpg', null, 6, 'Grace_P', 7,
        '2022-06-28 15:35:12'),
       (8, 'Earthshield', 'A sturdy mushroom that thrives in rocky terrains.',
        '/static/uploads/competitor_images/mushrooms/mushroomcompetitor8.jpg', null, 6, 'Henry_T', 8,
        '2022-07-03 10:45:28'),
       (9, 'Velvet Spire', 'A tall, elegant mushroom with a smooth, velvety surface.',
        '/static/uploads/competitor_images/mushrooms/mushroomcompetitor9.jpg', null, 6, 'Ivy_M', 9,
        '2022-07-10 18:59:39'),
       (10, 'Crimson Tide', 'A striking red mushroom known for its intense color.',
        '/static/uploads/competitor_images/mushrooms/mushroomcompetitor10.jpg', null, 6, 'Jack_W', 10,
        '2022-07-16 22:30:15'),
       (11, 'Spring Paws',
        'A lively young dog with exceptional agility and enthusiasm, ready to shine in the competition.',
        '/static/uploads/competitor_images/dogs/dogcompetitor1.jpg', null, 7, 'Samuel', 1, '2022-07-16 23:50:26'),
       (12, 'Sunrise Jumper', 'An energetic dog known for its high jumps and incredible stamina in agility courses.',
        '/static/uploads/competitor_images/dogs/dogcompetitor2.jpg', null, 7, 'john_doe', 2, '2022-07-16 23:50:26'),
       (13, 'Nature’s Howl', 'A dog with a unique and powerful howl, capturing the essence of the wild.',
        '/static/uploads/competitor_images/dogs/dogcompetitor3.jpg', null, 7, 'jane_smith', 3, '2022-07-16 23:50:26'),
       (14, 'Summer Fetcher', 'A champion retriever, excelling in fetching competitions and beach activities.',
        '/static/uploads/competitor_images/dogs/dogcompetitor4.jpg', null, 7, 'admin', 1, '2022-07-16 23:50:26'),
       (15, 'Sunset Sprinter', 'A lightning-fast sprinter, known for its speed and agility on the course.',
        '/static/uploads/competitor_images/dogs/dogcompetitor5.jpg', null, 8, 'john_doe', 2, '2022-07-16 23:50:26'),
       (16, 'Wave Chaser', 'A dog that loves to chase waves, bringing energy and excitement to every run.',
        '/static/uploads/competitor_images/dogs/dogcompetitor6.jpg', null, 8, 'jane_smith', 3, '2022-07-16 23:50:26'),
       (17, 'Autumn Barker', 'A dog with a distinctive bark, perfectly attuned to the sounds of the autumn woods.',
        '/static/uploads/competitor_images/dogs/dogcompetitor7.jpg', null, 8, 'admin', 1, '2022-07-16 23:50:26'),
       (18, 'Golden Retriever', 'A skilled retriever with a golden coat, known for its precision and grace.',
        '/static/uploads/competitor_images/dogs/dogcompetitor8.jpg', null, 8, 'john_doe', 2, '2022-07-16 23:50:26'),
       (19, 'Mystic Sniffer', 'A dog with an extraordinary sense of smell, able to track even the faintest scents.',
        '/static/uploads/competitor_images/dogs/dogcompetitor9.jpg', null, 8, 'jane_smith', 3, '2022-07-16 23:50:26'),
       (20, 'Winter Tail', 'A dog with a thick coat and impressive endurance, thriving in winter conditions.',
        '/static/uploads/competitor_images/dogs/dogcompetitor10.jpg', null, 8, 'admin', 1, '2022-07-16 23:50:26'),
       (21, 'Honey Buzz',
        'A highly skilled bee known for producing the sweetest honey and exceptional hive management.',
        '/static/uploads/competitor_images/bees/beecompetitor1.jpg', null, 9, 'Samuel', 5, '2023-07-17 23:50:26'),
       (22, 'Pollen Queen', 'A bee with a knack for collecting the most pollen, ensuring vibrant and healthy blooms.',
        '/static/uploads/competitor_images/bees/beecompetitor2.jpg', null, 9, 'John_Doe', 6, '2023-07-17 23:50:26'),
       (23, 'Nectar Collector', 'An expert in nectar gathering, contributing to top-quality honey production.',
        '/static/uploads/competitor_images/bees/beecompetitor3.jpg', null, 9, 'Jane_Smith', 7, '2023-07-17 23:50:26'),
       (24, 'Buzzing Champion', 'A champion in hive communication, known for its complex and effective dance patterns.',
        '/static/uploads/competitor_images/bees/beecompetitor4.jpg', null, 9, 'Admin', 8, '2023-07-17 23:50:26'),
       (25, 'Golden Wings', 'A bee with impressive flying skills, capable of covering large areas in search of nectar.',
        '/static/uploads/competitor_images/bees/beecompetitor5.jpg', null, 10, 'Samuel', 9, '2023-07-17 23:50:26'),
       (26, 'Hive Architect', 'Renowned for its ability to build intricate and efficient hive structures.',
        '/static/uploads/competitor_images/bees/beecompetitor6.jpg', null, 10, 'John_Doe', 3, '2023-07-17 23:50:26'),
       (27, 'Pollen Power', 'A bee known for its strength in transporting large amounts of pollen back to the hive.',
        '/static/uploads/competitor_images/bees/beecompetitor7.jpg', null, 10, 'Jane_Smith', 5, '2023-07-17 23:50:26'),
       (28, 'Nectar Ninja', 'An agile bee with remarkable speed and precision in nectar collection.',
        '/static/uploads/competitor_images/bees/beecompetitor8.jpg', null, 10, 'Admin', 6, '2023-07-17 23:50:26'),
       (29, 'Sweet Spinner', 'A bee specializing in spinning honey into a variety of delicious forms.',
        '/static/uploads/competitor_images/bees/beecompetitor9.jpg', null, 10, 'Samuel', 7, '2023-07-17 23:50:26'),
       (30, 'Autumn Blower',
        'An expert at foraging during the autumn season, contributing to a rich and diverse honey flavor.',
        '/static/uploads/competitor_images/bees/beecompetitor10.jpg', null, 10, 'John_Doe', 8, '2023-07-17 23:50:26'),
       (31, 'Sweet Spinner', 'A bee specializing in spinning honey into a variety of delicious forms.',
        '/static/uploads/competitor_images/bees/beecompetitor9.jpg', null, 10, 'Samuel', 7, '2023-07-17 23:50:26'),
       (32, 'Autumn Blower',
        'An expert at foraging during the autumn season, contributing to a rich and diverse honey flavor.',
        '/static/uploads/competitor_images/bees/beecompetitor10.jpg', null, 10, 'John_Doe', 8, '2023-07-17 23:50:26'),
       (33, 'Sky Soarer', 'An awe-inspiring bird known for its exceptional flight skills and high-altitude soaring.',
        '/static/uploads/competitor_images/birds/birdcompetitor1.jpg', null, 1, 'Samuel', 5, '2024-07-13 10:50:26'),
       (34, 'Forest Melody', 'A bird with a beautiful and melodious song, enchanting audiences with its tunes.',
        '/static/uploads/competitor_images/birds/birdcompetitor2.jpg', null, 1, 'John_Doe', 6, '2024-07-13 10:50:26'),
       (35, 'Feathered Dancer', 'A bird renowned for its graceful and intricate dance moves during courtship.',
        '/static/uploads/competitor_images/birds/birdcompetitor3.jpg', null, 1, 'Jane_Smith', 7, '2024-07-13 10:50:26'),
       (36, 'Bright Plumage',
        'A bird with strikingly colorful feathers, making it a visual standout in the competition.',
        '/static/uploads/competitor_images/birds/birdcompetitor4.jpg', null, 1, 'Admin', 8, '2024-07-13 10:50:26'),
       (37, 'Mountain Flyer', 'An expert in navigating rugged mountain terrains with agility and precision.',
        '/static/uploads/competitor_images/birds/birdcompetitor5.jpg', null, 1, 'Samuel', 9, '2024-07-13 10:50:26'),
       (38, 'Jungle Chatter', 'Known for its diverse and complex vocalizations, a true performer in the avian world.',
        '/static/uploads/competitor_images/birds/birdcompetitor6.jpg', null, 2, 'John_Doe', 2, '2024-07-13 10:50:26'),
       (39, 'Ocean Glider',
        'A bird with exceptional skills in gliding over the ocean, known for its effortless flight.',
        '/static/uploads/competitor_images/birds/birdcompetitor7.jpg', null, 2, 'Jane_Smith', 5, '2024-07-13 10:50:26'),
       (40, 'Desert Nomad', 'Adapted to harsh desert conditions, known for its resilience and unique survival skills.',
        '/static/uploads/competitor_images/birds/birdcompetitor8.jpg', null, 2, 'Admin', 6, '2024-07-13 10:50:26'),
       (41, 'Swamp Specter',
        'A bird with mysterious and elusive behavior, often seen in the quiet and hidden corners of swamps.',
        '/static/uploads/competitor_images/birds/birdcompetitor9.jpg', null, 2, 'Samuel', 7, '2024-07-13 10:50:26'),
       (42, 'Highland Herald',
        'A bird from the highlands, known for its strong and clear calls that echo across the mountains.',
        '/static/uploads/competitor_images/birds/birdcompetitor10.jpg', null, 2, 'John_Doe', 8, '2024-07-13 10:50:26'),
       (43, 'Albatross',
        'Albatrosses are the largest flying seabirds. They spend at least 85% of their lives at sea returning to land (usually remote islands) to breed and raise their young.',
        '/static/uploads/competitor_images/birds/birdcompetitor11.jpg', null, 3, 'Jayden', 1, '2024-03-16 08:23:41'),
       (44, 'Eastern bar-tailed godwit',
        'Bar-tailed godwits are one of 35 species that come to New Zealand each year from the Arctic.',
        '/static/uploads/competitor_images/birds/birdcompetitor12.jpg', null, 3, 'Lisa', 4, '2024-03-13 11:50:26'),
       (45, 'Fantail',
        'Known for its friendly ‘cheet cheet’ call and energetic flying antics, the fantail is one of the most common and widely distributed native birds on the New Zealand mainland.',
        '/static/uploads/competitor_images/birds/birdcompetitor13.jpg', null, 3, 'Glen', 7, '2024-04-13 08:50:26'),
       (46, 'Kea', 'The endangered kea is one of the most intelligent birds in the world.',
        '/static/uploads/competitor_images/birds/birdcompetitor14.jpg', null, 3, 'Louise', 5, '2024-04-13 09:50:26'),
       (47, 'Oystercatcher',
        'It is an endangered species with a high risk of extinction due to its very small population and range',
        '/static/uploads/competitor_images/birds/birdcompetitor15.jpg', null, 4, 'Richard', 6, '2024-04-11 11:30:26'),
       (48, 'Pūkeko',
        'The pūkeko is probably one of the most recognised native birds in New Zealand with its distinctive colourings and habit of feeding on the ground.',
        '/static/uploads/competitor_images/birds/birdcompetitor16.jpg', null, 4, 'Evleyn', 5, '2024-05-13 10:20:26'),
       (49, 'Gull', 'Never feed gulls any food or scraps – some of our food is harmful to them',
        '/static/uploads/competitor_images/birds/birdcompetitor17.jpg', null, 4, 'Leo', 8, '2024-04-17 10:10:26'),
       (50, 'Tūī',
        'Tūī are unique to New Zealand and belong to the honeyeater family, which means they feed mainly on nectar from flowers of native plants.',
        '/static/uploads/competitor_images/birds/birdcompetitor18.jpg', null, 4, 'Neelam', 2, '2024-05-19 11:50:26'),
       (51, 'Silvereye',
        'The silvereye is a small and friendly olive green forest bird with white rings around its eyes.',
        '/static/uploads/competitor_images/birds/birdcompetitor19.jpg', null, 4, 'Jasmine', 6, '2024-05-13 10:50:26'),
       (53, 'Weka', 'The weka is a large, brown flightless bird that has a famously feisty and curious personality.',
        '/static/uploads/competitor_images/birds/birdcompetitor20.jpg', null, 4, 'Joe', 9, '2024-06-13 10:50:26'),
       (54, 'Majestic Stag', 'A regal stag with impressive antlers, known for its commanding presence and grace.',
        '/static/uploads/competitor_images/deers/deercompetitor1.jpg', null, 11, 'Samuel', 4, '2024-09-15 14:57:00'),
       (55, 'Forest Guardian',
        'A strong and protective deer, revered for its role in maintaining the balance of the forest.',
        '/static/uploads/competitor_images/deers/deercompetitor2.jpg', null, 11, 'John_Doe', 6, '2024-09-15 14:57:00'),
       (56, 'Gentle Doe', 'A graceful doe with a gentle demeanor, admired for its beauty and elegance in the wild.',
        '/static/uploads/competitor_images/deers/deercompetitor3.jpg', null, 11, 'Jane_Smith', 7,
        '2024-09-15 14:57:00'),
       (57, 'Winter Walker',
        'A deer adapted to cold climates, known for its endurance and adaptability in snowy terrains.',
        '/static/uploads/competitor_images/deers/deercompetitor4.jpg', null, 11, 'Admin', 8, '2024-09-15 14:57:00'),
       (58, 'Autumn Roamer',
        'A deer that thrives in autumn, with a striking coat that blends seamlessly with the fall foliage.',
        '/static/uploads/competitor_images/deers/deercompetitor5.jpg', null, 11, 'Samuel', 9, '2024-09-15 14:57:00'),
       (59, 'Mountain Prince',
        'A majestic deer from the highlands, known for its impressive antler spread and robust physique.',
        '/static/uploads/competitor_images/deers/deercompetitor6.jpg', null, 11, 'John_Doe', 1, '2024-09-15 14:57:00'),
       (60, 'Meadow Dancer',
        'A lively deer that is known for its playful movements and elegance while grazing in meadows.',
        '/static/uploads/competitor_images/deers/deercompetitor7.jpg', null, 11, 'Jane_Smith', 5,
        '2024-09-15 14:57:00'),
       (61, 'River Watcher',
        'A deer that is often seen near rivers, known for its keen awareness and agility around water.',
        '/static/uploads/competitor_images/deers/deercompetitor8.jpg', null, 11, 'Admin', 6, '2024-09-15 14:57:00'),
       (62, 'Sunset Strider',
        'A deer with a distinctive appearance, often spotted at dusk with a stunning silhouette against the setting sun.',
        '/static/uploads/competitor_images/deers/deercompetitor9.jpg', null, 11, 'Samuel', 7, '2024-09-15 14:57:00'),
       (63, 'Evergreen Sentinel',
        'A deer that stands out in evergreen forests, known for its resilience and enduring presence throughout the year.',
        '/static/uploads/competitor_images/deers/deercompetitor10.jpg', null, 11, 'John_Doe', 8, '2024-09-15 14:57:00'),
       (65, 'Piha Beach',
        'Renowned for its dramatic black sands and surf, Piha Beach is a popular spot for both locals and tourists. Nestled on the west coast, it offers stunning views of the rugged coastline and the iconic Lion Rock. Perfect for surfing, sunbathing, and enjoying breathtaking sunsets.',
        '/static/uploads/competitor_images/beach/pihabeach.jpg', 17, 14, 'John_D', 1, '2023-08-01 09:00:00'),
       (66, 'Blenheim Beach',
        'A serene beach located in the Marlborough region, Blenheim Beach is known for its golden sands and crystal-clear waters. It is an ideal destination for families, featuring picnic areas and shallow waters perfect for children to play.',
        '/static/uploads/competitor_images/beach/blenheimbeach.jpg', 18, 14, 'Sarah_C', 1, '2023-08-01 09:05:00'),
       (67, 'Mount Maunganui Beach',
        'Famous for its vibrant atmosphere, Mount Maunganui Beach offers a stunning backdrop with the Mount looming above. This beach is perfect for swimming, surfing, and enjoying beachfront cafes, making it a family favorite.',
        '/static/uploads/competitor_images/beach/mountmaunganui.jpg', 19, 14, 'Emily_A', 1, '2023-08-01 09:10:00'),
       (68, 'Hot Water Beach',
        'Located on the Coromandel Peninsula, Hot Water Beach is unique for its natural hot springs. Visitors can dig their own hot pools in the sand, providing a unique and relaxing experience, especially during low tide.',
        '/static/uploads/competitor_images/beach/hotwaterbeach.jpg', 20, 14, 'Michael_B', 1, '2023-08-01 09:15:00'),
       (69, 'Ohope Beach',
        'Ohope Beach is a stunning stretch of sand with calm waters ideal for swimming and water sports. It is known for its family-friendly environment and beautiful scenery, making it a great destination for a beach day.',
        '/static/uploads/competitor_images/beach/ohopebeach.jpg', 21, 14, 'Sophie_M', 1, '2023-08-01 09:20:00'),
       (70, 'Karekare Beach',
        'A hidden gem on the west coast, Karekare Beach features rugged cliffs and expansive black sand. It is less crowded than other beaches, providing a peaceful escape and picturesque views, making it a favorite among nature lovers.',
        '/static/uploads/competitor_images/beach/karekarebeach.jpg', 22, 14, 'Laura_T', 1, '2023-08-01 09:25:00'),
       (71, 'Ngarunui Beach',
        'Ngarunui Beach in Raglan is renowned for its surf breaks and stunning coastal scenery. It’s a great spot for both seasoned surfers and families looking to enjoy the sun and sand, with amenities nearby for convenience.',
        '/static/uploads/competitor_images/beach/ngarunuibeach.jpg', 23, 14, 'Daniel_G', 1, '2023-08-01 09:30:00'),
       (72, 'Cooks Beach',
        'Cooks Beach is a tranquil escape with golden sands and calm waters. It is ideal for families, offering safe swimming and beautiful surroundings, making it a perfect spot for a relaxing beach day.',
        '/static/uploads/competitor_images/beach/cooksbeach.jpg', 24, 14, 'Olivia_P', 1, '2023-08-01 09:35:00'),
       (73, 'Mount Cook (Aoraki)',
        'New Zealand’s tallest peak at 3,724 meters, attracting climbers with its alpine environment and breathtaking vistas.',
        '/static/uploads/competitor_images/mountains/aoraki.jpg', 9, 15, 'John_D', 1, '2024-10-13 10:00:00'),
       (74, 'Mount Aspiring (Tititea)',
        'Known for its ridges and glaciers, this Southern Alps beauty draws mountaineers seeking a thrilling adventure.',
        '/static/uploads/competitor_images/mountains/mountaspiring.jpg', 10, 15, 'John_D', 1, '2024-10-13 10:05:00'),
       (75, 'Mount Taranaki',
        'Famous for its perfect conical shape, it offers scenic hiking trails and a resemblance to Japan’s Mount Fuji.',
        '/static/uploads/competitor_images/mountains/mounttaranaki.jpg', 11, 15, 'John_D', 1, '2024-10-13 10:10:00'),
       (76, 'Ben Lomond',
        'A popular Queenstown hike, offering sweeping views of Lake Wakatipu and surrounding snow-capped peaks.',
        '/static/uploads/competitor_images/mountains/benlomond.jpg', 12, 15, 'John_D', 1, '2024-10-13 10:15:00'),
       (77, 'Rocky Mountain',
        'Known for the Diamond Lake trail, this peak offers stunning views of Lake Wanaka and Mount Aspiring National Park.',
        '/static/uploads/competitor_images/mountains/rockymountain.jpg', 13, 15, 'John_D', 1, '2024-10-13 10:20:00'),
       (78, 'Mount Ngauruhoe',
        'Part of Tongariro National Park, this active volcano is famous as “Mount Doom” from *The Lord of the Rings* films.',
        '/static/uploads/competitor_images/mountains/mountngauruhoe.jpg', 14, 15, 'John_D', 1, '2024-10-13 10:25:00'),
       (79, 'Mount Ruapehu',
        'The North Island’s tallest peak, home to ski fields and an active crater lake at its summit.',
        '/static/uploads/competitor_images/mountains/mountruapehu.jpg', 15, 15, 'John_D', 1, '2024-10-13 10:30:00'),
       (80, 'Tongariro Crater',
        'A volcanic wonderland with red craters and emerald lakes, it’s a highlight of the Tongariro Alpine Crossing.',
        '/static/uploads/competitor_images/mountains/tongarirocrater.jpg', 16, 15, 'John_D', 1, '2024-10-13 10:35:00'),
       (81, 'Abel Tasman Coastal Track',
        'A scenic coastal trail with golden beaches, turquoise waters, and lush native bush. Families can enjoy swimming, kayaking, or taking a water taxi between sections of the track. The gentle terrain and abundance of wildlife make it perfect for a multi-day family adventure.',
        '/static/uploads/competitor_images/tracks/abeltasman.jpg', 1, 13, 'Sarah_L', 1, '2024-10-14 09:00:00'),
       (82, 'Mount Maunganui Summit',
        'This popular trail leads to stunning panoramic views of the coastline and surrounding town. The gradual ascent makes it accessible to walkers of all fitness levels, including children. At the summit, families can enjoy breathtaking sunsets or have a picnic while overlooking the Pacific Ocean.',
        '/static/uploads/competitor_images/tracks/mountmaunganui.jpg', 2, 13, 'David_R', 1, '2024-10-14 09:05:00'),
       (83, 'Redwoods Treewalk',
        'An enchanting experience that takes visitors through towering redwood trees on suspended walkways. The trail is family-friendly and offers both daytime and nighttime experiences, with the latter featuring lanterns illuminating the forest. Children and adults alike will be mesmerized by the forest''s peaceful ambiance and the interactive exhibits along the way.',
        '/static/uploads/competitor_images/tracks/redwoodstreewalk.jpg', 3, 13, 'Emily_B', 1, '2024-10-14 09:10:00'),
       (84, 'Lake Matheson Walk',
        'A tranquil loop track that circles the iconic Lake Matheson, known for its stunning reflections of Mount Cook and Mount Tasman. The walk is well-maintained and suitable for strollers, making it ideal for families with young children. Along the way, visitors can pause at viewing platforms to capture perfect photos or relax at the on-site café.',
        '/static/uploads/competitor_images/tracks/lakematheson.jpg', 4, 13, 'Chris_T', 1, '2024-10-14 09:15:00'),
       (85, 'Milford Foreshore Walk',
        'This gentle trail offers breathtaking views of Milford Sound and is perfect for families of all ages. Along the way, visitors can explore informative panels about the region’s history and wildlife. The track''s flat path makes it ideal for strollers, with plenty of spots to stop and enjoy the scenery.',
        '/static/uploads/competitor_images/tracks/milfordforeshore.jpg', 5, 13, 'Anna_J', 1, '2024-10-14 09:20:00'),
       (86, 'Hooker Valley Track',
        'An unforgettable alpine walk that winds through glacial valleys to reach the serene Hooker Lake. Families will cross swing bridges and marvel at the snow-capped peaks of Aoraki/Mount Cook along the way. The relatively flat terrain and breathtaking landscapes make it a great introduction to alpine hiking for children.',
        '/static/uploads/competitor_images/tracks/hookervalley.jpg', 6, 13, 'James_W', 1, '2024-10-14 09:25:00'),
       (87, 'Cathedral Cove Walk',
        'A short coastal walk leading to the beautiful Cathedral Cove, known for its natural rock arch and crystal-clear waters. The trail offers picnic areas and scenic viewpoints, making it an excellent family day out. At the end of the walk, visitors can enjoy a swim or explore the beach’s fascinating rock formations.',
        '/static/uploads/competitor_images/tracks/cathedralcove.jpg', 7, 13, 'Olivia_M', 1, '2024-10-14 09:30:00'),
       (88, 'Rotorua Lakefront Walk',
        'This easy lakeside stroll offers scenic views of Lake Rotorua, with plenty of playgrounds and picnic areas along the way. Families can enjoy cycling paths, feed the ducks, or take a ride on the nearby paddle boat. The walk is lined with cafés, providing the perfect opportunity to relax with a coffee or treat.',
        '/static/uploads/competitor_images/tracks/rotorualakefront.jpg', 8, 13, 'Michael_P', 1, '2024-10-14 09:35:00');

INSERT INTO announcements (title, content, end_at, status, created_by)
VALUES ('Upcoming Maintenance', 'The platform will undergo maintenance on August 10th. Please save your work.',
        '2024-11-10', 'active', 1),
       ('New Features Released', 'Check out the new features including enhanced profile management.', '2024-11-15',
        'active', 2),
       ('Autumn Art Fair Reminder',
        'We are excited to remind you that the highly anticipated Autumn Art Fair is just around the corner! Mark your calendars and prepare to immerse yourself in a vibrant showcase of creativity and talent. Stay tuned for further details, and do not miss out on this wonderful opportunity to experience a wide range of artistic expressions. We look forward to seeing you there!',
        '2024-11-15', 'active', 3);

INSERT INTO `notification` (`notification_id`, `user_id`, `content`, `url`, `created_at`, `has_read`, `read_at`)
VALUES (1, 1, 'Theme "Mushroom of the Year" has been submitted, please approve it in time.', '/themes/manage#theme-26',
        '2024-09-21 12:02:46', 0, NULL),
       (2, 2, 'Theme "Mushroom of the Year" has been submitted, please approve it in time.', '/themes/manage#theme-26',
        '2024-09-21 12:02:46', 0, NULL),
       (3, 3, 'Theme "Mushroom of the Year" has been submitted, please approve it in time.', '/themes/manage#theme-26',
        '2024-09-21 12:02:46', 0, NULL),
       (4, 4, 'Theme "Mushroom of the Year" has been submitted, please approve it in time.', '/themes/manage#theme-26',
        '2024-09-21 12:02:46', 0, NULL),
       (5, 5, 'Theme "Mushroom of the Year" has been submitted, please approve it in time.', '/themes/manage#theme-26',
        '2024-09-21 12:02:46', 0, NULL),
       (6, 1, 'Theme "Dog of the Year" has been submitted, please approve it in time.', '/themes/manage#theme-27',
        '2024-09-21 12:03:38', 0, NULL),
       (7, 2, 'Theme "Dog of the Year" has been submitted, please approve it in time.', '/themes/manage#theme-27',
        '2024-09-21 12:03:38', 0, NULL),
       (8, 3, 'Theme "Dog of the Year" has been submitted, please approve it in time.', '/themes/manage#theme-27',
        '2024-09-21 12:03:38', 0, NULL),
       (9, 4, 'Theme "Dog of the Year" has been submitted, please approve it in time.', '/themes/manage#theme-27',
        '2024-09-21 12:03:38', 0, NULL),
       (10, 5, 'Theme "Dog of the Year" has been submitted, please approve it in time.', '/themes/manage#theme-27',
        '2024-09-21 12:03:38', 0, NULL),
       (11, 1, 'Theme "Bee of the Year" has been submitted, please approve it in time.', '/themes/manage#theme-28',
        '2024-09-21 12:04:25', 0, NULL),
       (12, 2, 'Theme "Bee of the Year" has been submitted, please approve it in time.', '/themes/manage#theme-28',
        '2024-09-21 12:04:25', 0, NULL),
       (13, 3, 'Theme "Bee of the Year" has been submitted, please approve it in time.', '/themes/manage#theme-28',
        '2024-09-21 12:04:25', 0, NULL),
       (14, 4, 'Theme "Bee of the Year" has been submitted, please approve it in time.', '/themes/manage#theme-28',
        '2024-09-21 12:04:25', 0, NULL),
       (15, 5, 'Theme "Bee of the Year" has been submitted, please approve it in time.', '/themes/manage#theme-28',
        '2024-09-21 12:04:25', 0, NULL),
       (16, 1, 'Theme "Deer of the Year" has been submitted, please approve it in time.', '/themes/manage#theme-29',
        '2024-09-21 12:04:55', 0, NULL),
       (17, 2, 'Theme "Deer of the Year" has been submitted, please approve it in time.', '/themes/manage#theme-29',
        '2024-09-21 12:04:55', 0, NULL),
       (18, 3, 'Theme "Deer of the Year" has been submitted, please approve it in time.', '/themes/manage#theme-29',
        '2024-09-21 12:04:55', 1, '2024-09-21 12:05:11'),
       (19, 4, 'Theme "Deer of the Year" has been submitted, please approve it in time.', '/themes/manage#theme-29',
        '2024-09-21 12:04:55', 0, NULL),
       (20, 5, 'Theme "Deer of the Year" has been submitted, please approve it in time.', '/themes/manage#theme-29',
        '2024-09-21 12:04:55', 0, NULL),
       (21, 29, 'Theme "Deer of the Year" has been approved.', '/themes/my#theme-29', '2024-09-21 12:07:20', 0, NULL),
       (22, 29, 'Theme "Bee of the Year" has been approved.', '/themes/my#theme-28', '2024-09-21 12:07:30', 0, NULL),
       (23, 29, 'Theme "Dog of the Year" has been approved.', '/themes/my#theme-27', '2024-09-21 12:07:35', 0, NULL),
       (24, 29, 'Theme "Mushroom of the Year" has been approved.', '/themes/my#theme-26', '2024-09-21 12:07:47', 0,
        NULL);

insert into theme_roles (theme_role_id, user_id, theme_id, role, created_by, created_at)
values  (1, 1, 1, 'tAdmin', 3, '2024-09-17 13:12:52'),
        (2, 1, 2, 'tAdmin', 3, '2024-09-21 12:07:20'),
        (3, 1, 3, 'tAdmin', 3, '2024-09-21 12:07:30'),
        (4, 1, 4, 'tAdmin', 3, '2024-09-21 12:07:35'),
        (5, 1, 5, 'tAdmin', 3, '2024-09-21 12:07:47'),
        (6, 2, 2, 'tAdmin', 3, '2024-10-02 10:21:39'),
        (7, 2, 3, 'tScrutineer', 3, '2024-10-02 10:22:20'),
        (8, 2, 4, 'tAdmin', 3, '2024-10-02 10:22:34'),
        (9, 2, 5, 'tAdmin', 3, '2024-10-02 10:22:44'),
        (10, 1, 6, 'tAdmin', 3, '2024-10-02 10:22:44'),
        (11, 1, 7, 'tAdmin', 3, '2024-10-02 10:22:44'),
        (12, 1, 8, 'tAdmin', 3, '2024-10-02 10:22:44'),
        (13, 1, 9, 'tAdmin', 3, '2024-10-02 10:22:44');

insert into tickets (ticket_id, subject, content, status, solution, created_by, created_at, assign_to, updated_by, updated_at)
values  (1, 'This is a ticket subject', 'ticket content', 'closed', 'cancelled', 1, '2024-10-02 09:32:30', 8, 1, '2024-10-02 22:41:41'),
        (2, '2nd ticket', 'some content', 'open', null, 1, '2024-10-02 09:39:27', 5, 1, '2024-10-02 22:41:46'),
        (3, '3rd subject', '3rd content', 'new', null, 1, '2024-10-02 09:39:41', null, null, null);

insert into votes (vote_id, event_id, candidate_id, voted_by, voted_ip, voted_at, valid)
values  (1, 1, 36, 11, '10.1.0.0', '2020-07-11 02:29:17', 1),
        (2, 1, 36, 12, '10.1.0.1', '2020-07-25 12:17:07', 1),
        (3, 1, 35, 13, '10.1.0.2', '2020-07-11 04:42:22', 1),
        (4, 1, 34, 14, '10.1.0.3', '2020-07-13 08:03:16', 1),
        (5, 1, 33, 15, '10.1.0.4', '2020-06-25 05:56:52', 1),
        (6, 1, 36, 16, '10.1.0.5', '2020-06-15 22:27:53', 1),
        (7, 1, 35, 17, '10.1.0.6', '2020-06-24 16:50:45', 1),
        (8, 1, 35, 18, '10.1.0.7', '2020-06-16 21:50:34', 1),
        (9, 1, 35, 19, '10.1.0.8', '2020-07-02 23:54:24', 1),
        (10, 1, 36, 20, '10.1.0.9', '2020-07-24 15:48:09', 1),
        (11, 1, 35, 21, '10.1.0.10', '2020-07-29 08:58:57', 1),
        (12, 1, 33, 22, '10.1.0.11', '2020-07-12 15:08:23', 1),
        (13, 1, 36, 23, '10.1.0.12', '2020-07-21 17:09:05', 1),
        (14, 1, 33, 24, '10.1.0.13', '2020-07-18 05:26:13', 1),
        (15, 1, 33, 25, '10.1.0.14', '2020-07-10 09:44:43', 1),
        (16, 1, 33, 26, '10.1.0.15', '2020-07-05 21:08:07', 1),
        (17, 1, 33, 27, '10.1.0.16', '2020-07-22 08:00:26', 1),
        (18, 1, 33, 28, '10.1.0.17', '2020-06-23 03:33:58', 1),
        (19, 1, 33, 29, '10.1.0.18', '2020-06-16 18:06:00', 1),
        (20, 1, 36, 30, '10.1.0.19', '2020-07-06 07:18:34', 1),
        (21, 1, 36, 31, '10.1.0.20', '2020-06-12 21:50:25', 1),
        (22, 1, 35, 32, '10.1.0.21', '2020-07-28 15:54:48', 1),
        (23, 1, 33, 33, '10.1.0.22', '2020-07-22 00:38:48', 1),
        (24, 1, 33, 34, '10.1.0.23', '2020-06-26 09:12:36', 1),
        (25, 1, 35, 35, '10.1.0.24', '2020-07-25 11:20:37', 1),
        (26, 1, 35, 36, '10.1.0.25', '2020-06-25 15:36:10', 1),
        (27, 1, 35, 37, '10.1.0.26', '2020-06-30 20:45:13', 1),
        (28, 1, 36, 38, '10.1.0.27', '2020-07-08 12:52:00', 1),
        (29, 1, 35, 39, '10.1.0.28', '2020-06-25 17:12:28', 1),
        (30, 1, 37, 40, '10.1.0.29', '2020-07-15 12:45:08', 1),
        (31, 1, 35, 41, '10.1.0.30', '2020-07-27 21:32:56', 1),
        (32, 1, 33, 42, '10.1.0.31', '2020-06-13 04:23:16', 1),
        (33, 1, 36, 43, '10.1.0.32', '2020-07-26 01:18:17', 1),
        (34, 1, 35, 44, '10.1.0.33', '2020-07-16 00:08:47', 1),
        (35, 1, 34, 45, '10.1.0.34', '2020-06-30 16:31:40', 1),
        (36, 1, 36, 46, '10.1.0.35', '2020-06-26 00:11:54', 1),
        (37, 1, 33, 47, '10.1.0.36', '2020-07-01 20:35:56', 1),
        (38, 1, 36, 48, '10.1.0.37', '2020-07-19 23:49:19', 1),
        (39, 1, 35, 49, '10.1.0.38', '2020-06-19 21:27:02', 1),
        (40, 1, 33, 50, '10.1.0.39', '2020-07-13 20:51:41', 1),
        (41, 1, 33, 51, '10.1.0.40', '2020-06-30 18:25:39', 1),
        (42, 1, 34, 52, '10.1.0.41', '2020-06-18 12:25:28', 1),
        (43, 1, 33, 53, '10.1.0.42', '2020-07-05 09:28:02', 1),
        (44, 1, 35, 54, '10.1.0.43', '2020-07-08 10:07:45', 1),
        (45, 1, 33, 55, '10.1.0.44', '2020-06-15 14:29:10', 1),
        (46, 1, 35, 56, '10.1.0.45', '2020-07-07 17:10:03', 1),
        (47, 1, 37, 57, '10.1.0.46', '2020-07-28 10:59:26', 1),
        (48, 1, 35, 58, '10.1.0.47', '2020-06-24 14:42:27', 1),
        (49, 1, 36, 59, '10.1.0.48', '2020-07-27 02:51:12', 1),
        (50, 1, 35, 60, '10.1.0.49', '2020-06-24 00:58:17', 1),
        (51, 1, 35, 61, '10.1.200.67', '2020-07-19 07:20:54', 1),
        (52, 1, 35, 62, '10.1.200.67', '2020-07-25 05:53:00', 1),
        (53, 1, 34, 63, '10.1.200.67', '2020-07-29 12:35:38', 1),
        (54, 1, 35, 64, '10.1.200.67', '2020-07-22 20:44:38', 1),
        (55, 1, 35, 65, '10.1.200.67', '2020-07-01 23:05:13', 1),
        (56, 1, 35, 66, '10.1.200.67', '2020-07-29 08:57:13', 1),
        (57, 1, 35, 67, '10.1.200.67', '2020-07-20 18:47:10', 1),
        (58, 1, 35, 68, '10.1.200.67', '2020-07-24 02:57:22', 1),
        (59, 1, 34, 69, '10.1.200.104', '2020-06-20 14:05:37', 1),
        (60, 1, 35, 70, '10.1.200.67', '2020-06-24 23:32:40', 1),
        (61, 1, 35, 71, '10.1.200.104', '2020-07-20 13:37:15', 1),
        (62, 1, 34, 72, '10.1.200.67', '2020-07-15 08:22:30', 1),
        (63, 1, 36, 73, '10.1.200.104', '2020-07-20 04:26:23', 1),
        (64, 1, 35, 74, '10.1.200.67', '2020-06-27 19:10:16', 1),
        (65, 1, 34, 75, '10.1.200.67', '2020-06-28 07:56:30', 1),
        (66, 1, 34, 76, '10.1.200.104', '2020-06-14 22:42:52', 1),
        (67, 1, 35, 77, '10.1.200.67', '2020-06-25 05:20:36', 1),
        (68, 1, 35, 78, '10.1.200.67', '2020-07-20 02:09:00', 1),
        (69, 1, 35, 79, '10.1.200.67', '2020-07-12 18:20:42', 1),
        (70, 1, 35, 80, '10.1.200.104', '2020-07-01 12:46:28', 1),
        (71, 1, 35, 81, '10.1.200.67', '2020-06-27 14:27:59', 1),
        (72, 1, 34, 82, '10.1.200.104', '2020-07-01 16:52:34', 1),
        (73, 1, 34, 83, '10.1.200.104', '2020-06-30 14:38:02', 1),
        (74, 1, 35, 84, '10.1.200.67', '2020-06-30 22:12:14', 1),
        (75, 1, 35, 85, '10.1.200.104', '2020-07-21 12:03:13', 1),
        (76, 1, 36, 86, '10.1.200.104', '2020-06-27 01:42:46', 1),
        (77, 1, 34, 87, '10.1.200.104', '2020-06-20 09:01:22', 1),
        (78, 1, 35, 88, '10.1.200.104', '2020-07-17 08:16:42', 1),
        (79, 1, 36, 89, '10.1.200.104', '2020-07-06 06:19:06', 1),
        (80, 1, 35, 90, '10.1.200.67', '2020-06-29 04:50:53', 1),
        (81, 9, 21, 11, '10.9.0.0', '2020-09-23 23:18:01', 1),
        (82, 9, 22, 12, '10.9.0.1', '2020-09-18 04:45:58', 1),
        (83, 9, 21, 13, '10.9.0.2', '2020-09-18 17:10:26', 1),
        (84, 9, 21, 14, '10.9.0.3', '2020-09-19 20:32:42', 1),
        (85, 9, 23, 15, '10.9.0.4', '2020-11-27 07:38:41', 1),
        (86, 9, 22, 16, '10.9.0.5', '2020-09-21 19:44:22', 1),
        (87, 9, 24, 17, '10.9.0.6', '2020-11-13 05:20:39', 1),
        (88, 9, 21, 18, '10.9.0.7', '2020-09-29 10:43:22', 1),
        (89, 9, 21, 19, '10.9.0.8', '2020-11-29 04:39:09', 1),
        (90, 9, 21, 20, '10.9.0.9', '2020-11-21 01:35:23', 1),
        (91, 9, 24, 21, '10.9.0.10', '2020-09-12 00:10:54', 1),
        (92, 9, 22, 22, '10.9.0.11', '2020-09-22 21:53:39', 1),
        (93, 9, 24, 23, '10.9.0.12', '2020-11-11 08:12:28', 1),
        (94, 9, 21, 24, '10.9.0.13', '2020-11-06 14:11:59', 1),
        (95, 9, 21, 25, '10.9.0.14', '2020-09-19 10:40:20', 1),
        (96, 9, 22, 26, '10.9.0.15', '2020-10-12 16:24:43', 1),
        (97, 9, 22, 27, '10.9.0.16', '2020-09-29 13:45:34', 1),
        (98, 9, 21, 28, '10.9.0.17', '2020-10-03 06:22:04', 1),
        (99, 9, 23, 29, '10.9.0.18', '2020-11-17 08:59:20', 1),
        (100, 9, 23, 30, '10.9.0.19', '2020-09-20 03:01:44', 1),
        (101, 9, 22, 31, '10.9.0.20', '2020-11-02 12:13:46', 1),
        (102, 9, 22, 32, '10.9.0.21', '2020-10-23 22:13:56', 1),
        (103, 9, 22, 33, '10.9.0.22', '2020-11-20 00:25:56', 1),
        (104, 9, 21, 34, '10.9.0.23', '2020-11-09 04:23:58', 1),
        (105, 9, 21, 35, '10.9.0.24', '2020-09-14 13:05:24', 1),
        (106, 9, 21, 36, '10.9.0.25', '2020-11-14 18:57:18', 1),
        (107, 9, 22, 37, '10.9.0.26', '2020-11-28 08:28:45', 1),
        (108, 9, 23, 38, '10.9.0.27', '2020-11-09 19:05:08', 1),
        (109, 9, 23, 39, '10.9.0.28', '2020-10-16 05:20:12', 1),
        (110, 9, 21, 40, '10.9.0.29', '2020-11-10 11:11:37', 1),
        (111, 9, 22, 41, '10.9.0.30', '2020-11-21 19:20:58', 1),
        (112, 9, 23, 42, '10.9.0.31', '2020-10-16 20:29:24', 1),
        (113, 9, 23, 43, '10.9.0.32', '2020-11-13 18:06:33', 1),
        (114, 9, 21, 44, '10.9.0.33', '2020-10-03 10:58:40', 1),
        (115, 9, 24, 45, '10.9.0.34', '2020-11-15 07:18:17', 1),
        (116, 9, 21, 46, '10.9.0.35', '2020-11-06 01:39:33', 1),
        (117, 9, 22, 47, '10.9.0.36', '2020-10-05 17:24:41', 1),
        (118, 9, 24, 48, '10.9.0.37', '2020-11-26 10:43:43', 1),
        (119, 9, 21, 49, '10.9.0.38', '2020-11-01 17:17:44', 1),
        (120, 9, 22, 50, '10.9.0.39', '2020-11-15 01:43:46', 1),
        (121, 9, 22, 51, '10.9.0.40', '2020-10-09 22:42:57', 1),
        (122, 9, 22, 52, '10.9.0.41', '2020-10-17 19:24:57', 1),
        (123, 9, 23, 53, '10.9.0.42', '2020-09-17 09:49:19', 1),
        (124, 9, 23, 54, '10.9.0.43', '2020-11-09 03:53:08', 1),
        (125, 9, 21, 55, '10.9.0.44', '2020-11-28 11:57:02', 1),
        (126, 9, 23, 56, '10.9.0.45', '2020-10-12 11:46:21', 1),
        (127, 9, 22, 57, '10.9.0.46', '2020-11-29 21:23:07', 1),
        (128, 9, 23, 58, '10.9.0.47', '2020-10-08 17:12:09', 1),
        (129, 9, 22, 59, '10.9.0.48', '2020-10-29 05:55:31', 1),
        (130, 9, 21, 60, '10.9.0.49', '2020-10-10 02:05:01', 1),
        (131, 9, 24, 61, '10.9.200.58', '2020-11-06 03:15:04', 1),
        (132, 9, 22, 62, '10.9.200.58', '2020-10-01 19:45:18', 1),
        (133, 9, 24, 63, '10.9.200.159', '2020-11-12 20:08:58', 1),
        (134, 9, 24, 64, '10.9.200.143', '2020-11-08 21:21:30', 1),
        (135, 9, 22, 65, '10.9.200.143', '2020-09-19 03:14:32', 1),
        (136, 9, 24, 66, '10.9.200.143', '2020-11-12 01:40:21', 1),
        (137, 9, 24, 67, '10.9.200.143', '2020-11-06 22:22:20', 1),
        (138, 9, 24, 68, '10.9.200.159', '2020-11-02 12:22:17', 1),
        (139, 9, 24, 69, '10.9.200.58', '2020-09-19 02:04:28', 1),
        (140, 9, 24, 70, '10.9.200.159', '2020-10-16 03:10:07', 1),
        (141, 9, 24, 71, '10.9.200.143', '2020-11-05 17:49:45', 1),
        (142, 9, 24, 72, '10.9.200.58', '2020-11-17 12:53:20', 1),
        (143, 9, 24, 73, '10.9.200.143', '2020-11-12 14:03:22', 1),
        (144, 9, 24, 74, '10.9.200.143', '2020-10-18 04:35:00', 1),
        (145, 9, 24, 75, '10.9.200.143', '2020-11-26 02:52:17', 1),
        (146, 9, 24, 76, '10.9.200.159', '2020-11-03 22:22:33', 1),
        (147, 9, 24, 77, '10.9.200.58', '2020-11-26 09:26:33', 1),
        (148, 9, 24, 78, '10.9.200.58', '2020-11-29 16:03:33', 1),
        (149, 9, 24, 79, '10.9.200.143', '2020-09-14 21:51:53', 1),
        (150, 9, 24, 80, '10.9.200.159', '2020-09-30 15:49:36', 1),
        (151, 9, 24, 81, '10.9.200.159', '2020-10-02 08:23:07', 1),
        (152, 9, 24, 82, '10.9.200.143', '2020-11-17 00:24:34', 1),
        (153, 9, 24, 83, '10.9.200.159', '2020-10-20 23:21:18', 1),
        (154, 9, 24, 84, '10.9.200.143', '2020-11-01 01:56:25', 1),
        (155, 9, 24, 85, '10.9.200.143', '2020-11-02 11:20:41', 1),
        (156, 9, 24, 86, '10.9.200.143', '2020-10-31 16:14:06', 1),
        (157, 9, 24, 87, '10.9.200.58', '2020-09-25 10:28:50', 1),
        (158, 9, 24, 88, '10.9.200.143', '2020-10-07 12:44:23', 1),
        (159, 9, 24, 89, '10.9.200.159', '2020-11-05 00:21:45', 1),
        (160, 9, 24, 90, '10.9.200.143', '2020-09-22 14:42:46', 1),
        (161, 2, 40, 11, '10.2.0.0', '2021-07-01 20:43:33', 1),
        (162, 2, 41, 12, '10.2.0.1', '2021-07-12 11:49:29', 1),
        (163, 2, 42, 13, '10.2.0.2', '2021-07-26 22:27:26', 1),
        (164, 2, 38, 14, '10.2.0.3', '2021-07-07 04:13:25', 1),
        (165, 2, 40, 15, '10.2.0.4', '2021-07-15 11:36:36', 1),
        (166, 2, 42, 16, '10.2.0.5', '2021-07-14 04:37:14', 1),
        (167, 2, 42, 17, '10.2.0.6', '2021-07-02 08:57:40', 1),
        (168, 2, 42, 18, '10.2.0.7', '2021-07-11 08:27:27', 1),
        (169, 2, 42, 19, '10.2.0.8', '2021-06-23 04:32:14', 1),
        (170, 2, 42, 20, '10.2.0.9', '2021-06-29 12:15:43', 1),
        (171, 2, 41, 21, '10.2.0.10', '2021-07-25 21:14:03', 1),
        (172, 2, 41, 22, '10.2.0.11', '2021-07-25 11:44:58', 1),
        (173, 2, 41, 23, '10.2.0.12', '2021-06-29 07:38:59', 1),
        (174, 2, 42, 24, '10.2.0.13', '2021-06-20 15:06:49', 1),
        (175, 2, 41, 25, '10.2.0.14', '2021-07-01 14:58:36', 1),
        (176, 2, 38, 26, '10.2.0.15', '2021-06-29 19:55:41', 1),
        (177, 2, 42, 27, '10.2.0.16', '2021-07-03 18:48:22', 1),
        (178, 2, 41, 28, '10.2.0.17', '2021-07-06 20:05:09', 1),
        (179, 2, 41, 29, '10.2.0.18', '2021-07-17 20:54:03', 1),
        (180, 2, 40, 30, '10.2.0.19', '2021-07-29 11:00:12', 1),
        (181, 2, 41, 31, '10.2.0.20', '2021-06-24 13:48:53', 1),
        (182, 2, 42, 32, '10.2.0.21', '2021-06-26 14:06:45', 1),
        (183, 2, 42, 33, '10.2.0.22', '2021-07-12 12:38:45', 1),
        (184, 2, 42, 34, '10.2.0.23', '2021-07-01 00:22:43', 1),
        (185, 2, 38, 35, '10.2.0.24', '2021-07-20 15:56:27', 1),
        (186, 2, 42, 36, '10.2.0.25', '2021-07-04 19:40:41', 1),
        (187, 2, 42, 37, '10.2.0.26', '2021-07-03 22:53:27', 1),
        (188, 2, 40, 38, '10.2.0.27', '2021-07-27 04:56:59', 1),
        (189, 2, 40, 39, '10.2.0.28', '2021-07-10 20:05:25', 1),
        (190, 2, 42, 40, '10.2.0.29', '2021-06-17 16:49:27', 1),
        (191, 2, 40, 41, '10.2.0.30', '2021-06-18 12:58:05', 1),
        (192, 2, 42, 42, '10.2.0.31', '2021-06-22 23:49:25', 1),
        (193, 2, 41, 43, '10.2.0.32', '2021-07-07 23:14:41', 1),
        (194, 2, 40, 44, '10.2.0.33', '2021-07-22 22:31:46', 1),
        (195, 2, 40, 45, '10.2.0.34', '2021-07-23 14:34:40', 1),
        (196, 2, 42, 46, '10.2.0.35', '2021-07-10 17:27:38', 1),
        (197, 2, 41, 47, '10.2.0.36', '2021-07-20 12:11:20', 1),
        (198, 2, 42, 48, '10.2.0.37', '2021-07-13 23:45:38', 1),
        (199, 2, 41, 49, '10.2.0.38', '2021-07-09 23:08:52', 1),
        (200, 2, 42, 50, '10.2.0.39', '2021-06-27 16:11:33', 1),
        (201, 2, 41, 51, '10.2.0.40', '2021-07-23 00:27:01', 1),
        (202, 2, 41, 52, '10.2.0.41', '2021-07-29 10:59:53', 1),
        (203, 2, 42, 53, '10.2.0.42', '2021-07-02 03:45:00', 1),
        (204, 2, 42, 54, '10.2.0.43', '2021-07-26 19:18:18', 1),
        (205, 2, 42, 55, '10.2.0.44', '2021-07-05 17:39:31', 1),
        (206, 2, 42, 56, '10.2.0.45', '2021-07-01 03:33:32', 1),
        (207, 2, 40, 57, '10.2.0.46', '2021-07-02 11:01:35', 1),
        (208, 2, 42, 58, '10.2.0.47', '2021-06-25 01:07:19', 1),
        (209, 2, 38, 59, '10.2.0.48', '2021-06-22 20:51:42', 1),
        (210, 2, 41, 60, '10.2.0.49', '2021-06-29 15:01:00', 1),
        (211, 2, 38, 61, '10.2.200.6', '2021-06-27 23:09:04', 1),
        (212, 2, 39, 62, '10.2.200.95', '2021-06-22 20:55:38', 1),
        (213, 2, 41, 63, '10.2.200.6', '2021-06-18 02:02:35', 1),
        (214, 2, 38, 64, '10.2.200.95', '2021-07-19 22:41:46', 1),
        (215, 2, 38, 65, '10.2.200.102', '2021-07-22 12:29:08', 1),
        (216, 2, 39, 66, '10.2.200.95', '2021-07-22 17:53:48', 1),
        (217, 2, 38, 67, '10.2.200.102', '2021-07-24 18:26:49', 1),
        (218, 2, 41, 68, '10.2.200.102', '2021-06-22 10:25:31', 1),
        (219, 2, 38, 69, '10.2.200.6', '2021-07-04 21:51:12', 1),
        (220, 2, 41, 70, '10.2.200.95', '2021-07-06 11:06:19', 1),
        (221, 2, 38, 71, '10.2.200.95', '2021-06-22 16:07:02', 1),
        (222, 2, 39, 72, '10.2.200.95', '2021-07-05 03:37:02', 1),
        (223, 2, 39, 73, '10.2.200.6', '2021-07-09 18:43:35', 1),
        (224, 2, 38, 74, '10.2.200.95', '2021-06-15 10:35:17', 1),
        (225, 2, 38, 75, '10.2.200.102', '2021-06-22 01:30:59', 1),
        (226, 2, 38, 76, '10.2.200.95', '2021-07-27 02:34:58', 1),
        (227, 2, 38, 77, '10.2.200.102', '2021-07-02 14:14:58', 1),
        (228, 2, 38, 78, '10.2.200.95', '2021-07-14 09:49:57', 1),
        (229, 2, 41, 79, '10.2.200.6', '2021-07-15 14:13:11', 1),
        (230, 2, 39, 80, '10.2.200.102', '2021-07-18 08:49:37', 1),
        (231, 2, 38, 81, '10.2.200.6', '2021-06-16 04:33:32', 1),
        (232, 2, 41, 82, '10.2.200.95', '2021-07-06 13:23:08', 1),
        (233, 2, 41, 83, '10.2.200.102', '2021-07-19 16:21:59', 1),
        (234, 2, 41, 84, '10.2.200.102', '2021-07-16 07:18:01', 1),
        (235, 2, 39, 85, '10.2.200.95', '2021-06-29 18:04:49', 1),
        (236, 2, 41, 86, '10.2.200.95', '2021-06-18 02:04:59', 1),
        (237, 2, 38, 87, '10.2.200.102', '2021-07-25 23:44:26', 1),
        (238, 2, 38, 88, '10.2.200.6', '2021-06-27 06:29:48', 1),
        (239, 2, 38, 89, '10.2.200.102', '2021-07-14 02:29:17', 1),
        (240, 2, 39, 90, '10.2.200.95', '2021-07-15 03:44:44', 1),
        (241, 10, 28, 11, '10.10.0.0', '2021-11-11 15:38:30', 1),
        (242, 10, 28, 12, '10.10.0.1', '2021-10-19 21:15:14', 1),
        (243, 10, 28, 13, '10.10.0.2', '2021-10-16 02:30:20', 1),
        (244, 10, 28, 14, '10.10.0.3', '2021-11-09 12:03:56', 1),
        (245, 10, 29, 15, '10.10.0.4', '2021-11-28 15:49:54', 1),
        (246, 10, 28, 16, '10.10.0.5', '2021-11-12 07:46:40', 1),
        (247, 10, 28, 17, '10.10.0.6', '2021-10-31 23:29:07', 1),
        (248, 10, 32, 18, '10.10.0.7', '2021-10-12 03:55:39', 1),
        (249, 10, 29, 19, '10.10.0.8', '2021-09-25 23:54:22', 1),
        (250, 10, 28, 20, '10.10.0.9', '2021-10-30 09:40:45', 1),
        (251, 10, 29, 21, '10.10.0.10', '2021-10-22 19:29:36', 1),
        (252, 10, 28, 22, '10.10.0.11', '2021-10-12 07:04:20', 1),
        (253, 10, 29, 23, '10.10.0.12', '2021-10-29 13:42:34', 1),
        (254, 10, 28, 24, '10.10.0.13', '2021-11-28 02:34:27', 1),
        (255, 10, 28, 25, '10.10.0.14', '2021-11-01 16:20:51', 1),
        (256, 10, 32, 26, '10.10.0.15', '2021-11-21 21:52:56', 1),
        (257, 10, 28, 27, '10.10.0.16', '2021-09-30 00:59:01', 1),
        (258, 10, 29, 28, '10.10.0.17', '2021-11-13 00:11:33', 1),
        (259, 10, 28, 29, '10.10.0.18', '2021-10-26 15:29:03', 1),
        (260, 10, 28, 30, '10.10.0.19', '2021-11-22 18:28:42', 1),
        (261, 10, 28, 31, '10.10.0.20', '2021-10-03 20:25:11', 1),
        (262, 10, 29, 32, '10.10.0.21', '2021-10-12 00:29:21', 1),
        (263, 10, 26, 33, '10.10.0.22', '2021-09-23 20:30:59', 1),
        (264, 10, 29, 34, '10.10.0.23', '2021-11-13 13:35:33', 1),
        (265, 10, 30, 35, '10.10.0.24', '2021-11-16 23:38:18', 1),
        (266, 10, 29, 36, '10.10.0.25', '2021-11-27 20:25:47', 1),
        (267, 10, 28, 37, '10.10.0.26', '2021-10-09 14:14:45', 1),
        (268, 10, 29, 38, '10.10.0.27', '2021-11-05 09:06:38', 1),
        (269, 10, 29, 39, '10.10.0.28', '2021-10-08 22:52:13', 1),
        (270, 10, 29, 40, '10.10.0.29', '2021-10-03 14:12:53', 1),
        (271, 10, 26, 41, '10.10.0.30', '2021-10-25 18:23:38', 1),
        (272, 10, 28, 42, '10.10.0.31', '2021-09-25 12:10:37', 1),
        (273, 10, 29, 43, '10.10.0.32', '2021-10-10 07:18:57', 1),
        (274, 10, 30, 44, '10.10.0.33', '2021-09-15 07:33:14', 1),
        (275, 10, 28, 45, '10.10.0.34', '2021-10-31 09:12:38', 1),
        (276, 10, 32, 46, '10.10.0.35', '2021-09-18 12:59:27', 1),
        (277, 10, 28, 47, '10.10.0.36', '2021-10-31 16:19:43', 1),
        (278, 10, 28, 48, '10.10.0.37', '2021-11-08 10:24:07', 1),
        (279, 10, 28, 49, '10.10.0.38', '2021-09-14 06:58:21', 1),
        (280, 10, 28, 50, '10.10.0.39', '2021-10-31 18:54:50', 1),
        (281, 10, 29, 51, '10.10.0.40', '2021-09-19 20:35:34', 1),
        (282, 10, 30, 52, '10.10.0.41', '2021-11-15 11:04:46', 1),
        (283, 10, 26, 53, '10.10.0.42', '2021-11-18 03:05:32', 1),
        (284, 10, 28, 54, '10.10.0.43', '2021-11-02 20:39:13', 1),
        (285, 10, 28, 55, '10.10.0.44', '2021-11-13 10:59:18', 1),
        (286, 10, 28, 56, '10.10.0.45', '2021-11-02 09:39:54', 1),
        (287, 10, 28, 57, '10.10.0.46', '2021-11-27 19:35:16', 1),
        (288, 10, 28, 58, '10.10.0.47', '2021-09-29 19:36:55', 1),
        (289, 10, 29, 59, '10.10.0.48', '2021-11-20 07:15:17', 1),
        (290, 10, 28, 60, '10.10.0.49', '2021-10-02 07:01:23', 1),
        (291, 10, 28, 61, '10.10.200.139', '2021-10-13 03:42:54', 1),
        (292, 10, 31, 62, '10.10.200.94', '2021-09-22 14:58:02', 1),
        (293, 10, 25, 63, '10.10.200.196', '2021-10-27 09:30:30', 1),
        (294, 10, 25, 64, '10.10.200.94', '2021-10-13 15:25:26', 1),
        (295, 10, 25, 65, '10.10.200.94', '2021-11-06 21:16:37', 1),
        (296, 10, 25, 66, '10.10.200.94', '2021-10-06 15:43:06', 1),
        (297, 10, 25, 67, '10.10.200.196', '2021-10-28 05:43:45', 1),
        (298, 10, 28, 68, '10.10.200.139', '2021-10-17 04:21:27', 1),
        (299, 10, 28, 69, '10.10.200.139', '2021-10-30 02:09:36', 1),
        (300, 10, 31, 70, '10.10.200.94', '2021-11-19 17:32:58', 1),
        (301, 10, 28, 71, '10.10.200.139', '2021-11-23 14:56:35', 1),
        (302, 10, 25, 72, '10.10.200.139', '2021-10-19 21:40:30', 1),
        (303, 10, 28, 73, '10.10.200.139', '2021-11-15 09:09:24', 1),
        (304, 10, 25, 74, '10.10.200.196', '2021-11-26 18:48:44', 1),
        (305, 10, 31, 75, '10.10.200.196', '2021-11-02 12:02:08', 1),
        (306, 10, 28, 76, '10.10.200.139', '2021-11-01 03:11:56', 1),
        (307, 10, 31, 77, '10.10.200.196', '2021-10-09 15:22:32', 1),
        (308, 10, 28, 78, '10.10.200.196', '2021-11-18 13:49:16', 1),
        (309, 10, 28, 79, '10.10.200.139', '2021-10-16 09:07:51', 1),
        (310, 10, 25, 80, '10.10.200.94', '2021-11-27 17:10:52', 1),
        (311, 10, 31, 81, '10.10.200.139', '2021-11-08 02:15:13', 1),
        (312, 10, 31, 82, '10.10.200.94', '2021-10-13 05:47:44', 1),
        (313, 10, 31, 83, '10.10.200.196', '2021-10-05 07:16:08', 1),
        (314, 10, 25, 84, '10.10.200.139', '2021-10-24 18:29:30', 1),
        (315, 10, 28, 85, '10.10.200.139', '2021-11-03 04:23:35', 1),
        (316, 10, 31, 86, '10.10.200.196', '2021-10-08 04:19:42', 1),
        (317, 10, 31, 87, '10.10.200.196', '2021-10-24 00:22:25', 1),
        (318, 10, 25, 88, '10.10.200.139', '2021-09-20 07:13:37', 1),
        (319, 10, 25, 89, '10.10.200.94', '2021-11-07 10:44:47', 1),
        (320, 10, 28, 90, '10.10.200.139', '2021-11-06 05:10:44', 1),
        (321, 3, 45, 11, '10.3.0.0', '2022-06-22 09:47:32', 1),
        (322, 3, 44, 12, '10.3.0.1', '2022-07-15 17:59:54', 1),
        (323, 3, 45, 13, '10.3.0.2', '2022-07-27 10:59:51', 1),
        (324, 3, 45, 14, '10.3.0.3', '2022-07-03 23:14:21', 1),
        (325, 3, 45, 15, '10.3.0.4', '2022-06-26 18:24:35', 1),
        (326, 3, 45, 16, '10.3.0.5', '2022-06-26 18:08:05', 1),
        (327, 3, 45, 17, '10.3.0.6', '2022-06-26 03:17:36', 1),
        (328, 3, 44, 18, '10.3.0.7', '2022-07-15 13:28:24', 1),
        (329, 3, 44, 19, '10.3.0.8', '2022-07-23 07:45:21', 1),
        (330, 3, 45, 20, '10.3.0.9', '2022-07-05 22:21:07', 1),
        (331, 3, 44, 21, '10.3.0.10', '2022-06-28 12:03:28', 1),
        (332, 3, 43, 22, '10.3.0.11', '2022-07-23 23:05:10', 1),
        (333, 3, 44, 23, '10.3.0.12', '2022-07-11 09:28:46', 1),
        (334, 3, 44, 24, '10.3.0.13', '2022-06-26 00:39:05', 1),
        (335, 3, 45, 25, '10.3.0.14', '2022-07-29 00:34:26', 1),
        (336, 3, 45, 26, '10.3.0.15', '2022-06-27 22:49:25', 1),
        (337, 3, 43, 27, '10.3.0.16', '2022-07-29 00:53:20', 1),
        (338, 3, 45, 28, '10.3.0.17', '2022-06-26 04:19:11', 1),
        (339, 3, 43, 29, '10.3.0.18', '2022-06-27 09:32:25', 1),
        (340, 3, 43, 30, '10.3.0.19', '2022-07-21 02:11:59', 1),
        (341, 3, 44, 31, '10.3.0.20', '2022-07-06 07:21:24', 1),
        (342, 3, 43, 32, '10.3.0.21', '2022-06-27 18:44:44', 1),
        (343, 3, 44, 33, '10.3.0.22', '2022-07-09 15:26:39', 1),
        (344, 3, 43, 34, '10.3.0.23', '2022-07-29 09:51:13', 1),
        (345, 3, 44, 35, '10.3.0.24', '2022-07-16 18:22:43', 1),
        (346, 3, 45, 36, '10.3.0.25', '2022-07-17 05:37:24', 1),
        (347, 3, 44, 37, '10.3.0.26', '2022-07-24 12:00:25', 1),
        (348, 3, 45, 38, '10.3.0.27', '2022-06-29 12:12:27', 1),
        (349, 3, 45, 39, '10.3.0.28', '2022-07-23 01:14:02', 1),
        (350, 3, 44, 40, '10.3.0.29', '2022-06-29 07:21:45', 1),
        (351, 3, 43, 41, '10.3.0.30', '2022-06-24 02:38:34', 1),
        (352, 3, 45, 42, '10.3.0.31', '2022-07-15 08:28:29', 1),
        (353, 3, 44, 43, '10.3.0.32', '2022-07-01 18:13:51', 1),
        (354, 3, 44, 44, '10.3.0.33', '2022-07-01 16:15:11', 1),
        (355, 3, 44, 45, '10.3.0.34', '2022-07-19 11:43:03', 1),
        (356, 3, 43, 46, '10.3.0.35', '2022-07-13 23:35:16', 1),
        (357, 3, 44, 47, '10.3.0.36', '2022-07-06 09:05:23', 1),
        (358, 3, 44, 48, '10.3.0.37', '2022-06-28 20:27:09', 1),
        (359, 3, 44, 49, '10.3.0.38', '2022-06-26 03:07:29', 1),
        (360, 3, 45, 50, '10.3.0.39', '2022-07-12 04:43:41', 1),
        (361, 3, 44, 51, '10.3.0.40', '2022-06-22 03:58:01', 1),
        (362, 3, 45, 52, '10.3.0.41', '2022-07-27 07:06:23', 1),
        (363, 3, 45, 53, '10.3.0.42', '2022-07-25 02:45:10', 1),
        (364, 3, 43, 54, '10.3.0.43', '2022-07-03 02:53:11', 1),
        (365, 3, 45, 55, '10.3.0.44', '2022-06-20 01:56:32', 1),
        (366, 3, 45, 56, '10.3.0.45', '2022-07-18 22:59:26', 1),
        (367, 3, 43, 57, '10.3.0.46', '2022-07-12 03:02:30', 1),
        (368, 3, 43, 58, '10.3.0.47', '2022-07-24 11:39:00', 1),
        (369, 3, 44, 59, '10.3.0.48', '2022-06-24 17:57:22', 1),
        (370, 3, 44, 60, '10.3.0.49', '2022-07-18 02:42:34', 1),
        (371, 3, 45, 61, '10.3.200.248', '2022-07-18 11:06:55', 1),
        (372, 3, 46, 62, '10.3.200.248', '2022-07-18 23:30:15', 1),
        (373, 3, 45, 63, '10.3.200.161', '2022-07-13 12:06:45', 1),
        (374, 3, 46, 64, '10.3.200.245', '2022-07-07 00:59:36', 1),
        (375, 3, 45, 65, '10.3.200.248', '2022-07-08 19:18:19', 1),
        (376, 3, 45, 66, '10.3.200.248', '2022-07-04 09:18:13', 1),
        (377, 3, 45, 67, '10.3.200.248', '2022-07-15 02:51:00', 1),
        (378, 3, 45, 68, '10.3.200.248', '2022-06-23 10:55:42', 1),
        (379, 3, 45, 69, '10.3.200.245', '2022-07-27 01:43:41', 1),
        (380, 3, 45, 70, '10.3.200.245', '2022-06-24 19:35:28', 1),
        (381, 3, 44, 71, '10.3.200.248', '2022-07-26 18:28:31', 1),
        (382, 3, 46, 72, '10.3.200.161', '2022-06-29 20:41:35', 1),
        (383, 3, 46, 73, '10.3.200.161', '2022-07-01 09:26:52', 1),
        (384, 3, 45, 74, '10.3.200.245', '2022-07-24 12:39:42', 1),
        (385, 3, 45, 75, '10.3.200.248', '2022-06-30 19:21:46', 1),
        (386, 3, 44, 76, '10.3.200.248', '2022-06-24 00:05:26', 1),
        (387, 3, 46, 77, '10.3.200.245', '2022-07-24 07:17:04', 1),
        (388, 3, 45, 78, '10.3.200.245', '2022-07-06 09:59:40', 1),
        (389, 3, 45, 79, '10.3.200.161', '2022-07-02 15:01:56', 1),
        (390, 3, 44, 80, '10.3.200.161', '2022-06-27 04:46:45', 1),
        (391, 3, 45, 81, '10.3.200.245', '2022-07-28 09:06:51', 1),
        (392, 3, 46, 82, '10.3.200.161', '2022-06-18 19:40:45', 1),
        (393, 3, 45, 83, '10.3.200.161', '2022-07-18 11:53:35', 1),
        (394, 3, 45, 84, '10.3.200.245', '2022-06-26 06:47:36', 1),
        (395, 3, 46, 85, '10.3.200.248', '2022-07-21 07:49:49', 1),
        (396, 3, 45, 86, '10.3.200.248', '2022-07-01 19:38:10', 1),
        (397, 3, 46, 87, '10.3.200.245', '2022-07-05 13:19:36', 1),
        (398, 3, 44, 88, '10.3.200.245', '2022-07-04 10:16:58', 1),
        (399, 3, 46, 89, '10.3.200.245', '2022-07-03 14:50:46', 1),
        (400, 3, 44, 90, '10.3.200.161', '2022-07-29 18:24:20', 1),
        (401, 5, 1, 11, '10.5.0.0', '2022-08-02 02:49:30', 1),
        (402, 5, 2, 12, '10.5.0.1', '2022-08-22 11:33:06', 1),
        (403, 5, 1, 13, '10.5.0.2', '2022-09-11 19:47:04', 1),
        (404, 5, 2, 14, '10.5.0.3', '2022-08-21 17:17:19', 1),
        (405, 5, 3, 15, '10.5.0.4', '2022-08-27 11:58:34', 1),
        (406, 5, 3, 16, '10.5.0.5', '2022-09-15 05:27:02', 1),
        (407, 5, 3, 17, '10.5.0.6', '2022-09-08 19:47:41', 1),
        (408, 5, 3, 18, '10.5.0.7', '2022-08-13 01:31:14', 1),
        (409, 5, 3, 19, '10.5.0.8', '2022-09-26 08:48:01', 1),
        (410, 5, 2, 20, '10.5.0.9', '2022-08-12 15:09:11', 1),
        (411, 5, 2, 21, '10.5.0.10', '2022-09-18 12:56:00', 1),
        (412, 5, 3, 22, '10.5.0.11', '2022-08-21 10:50:47', 1),
        (413, 5, 2, 23, '10.5.0.12', '2022-09-26 03:49:27', 1),
        (414, 5, 3, 24, '10.5.0.13', '2022-08-16 22:18:10', 1),
        (415, 5, 3, 25, '10.5.0.14', '2022-09-22 04:29:41', 1),
        (416, 5, 3, 26, '10.5.0.15', '2022-08-21 15:21:06', 1),
        (417, 5, 1, 27, '10.5.0.16', '2022-08-29 01:20:22', 1),
        (418, 5, 3, 28, '10.5.0.17', '2022-08-29 15:29:28', 1),
        (419, 5, 2, 29, '10.5.0.18', '2022-09-09 03:04:18', 1),
        (420, 5, 1, 30, '10.5.0.19', '2022-09-02 16:50:09', 1),
        (421, 5, 2, 31, '10.5.0.20', '2022-08-06 18:11:58', 1),
        (422, 5, 3, 32, '10.5.0.21', '2022-08-04 01:28:03', 1),
        (423, 5, 2, 33, '10.5.0.22', '2022-08-14 20:06:16', 1),
        (424, 5, 2, 34, '10.5.0.23', '2022-09-29 04:04:53', 1),
        (425, 5, 4, 35, '10.5.0.24', '2022-08-02 15:33:54', 1),
        (426, 5, 3, 36, '10.5.0.25', '2022-08-25 08:59:46', 1),
        (427, 5, 2, 37, '10.5.0.26', '2022-08-25 23:12:53', 1),
        (428, 5, 3, 38, '10.5.0.27', '2022-09-21 21:29:26', 1),
        (429, 5, 2, 39, '10.5.0.28', '2022-08-28 23:09:13', 1),
        (430, 5, 2, 40, '10.5.0.29', '2022-08-21 08:38:42', 1),
        (431, 5, 3, 41, '10.5.0.30', '2022-08-10 05:28:07', 1),
        (432, 5, 4, 42, '10.5.0.31', '2022-08-02 08:22:38', 1),
        (433, 5, 3, 43, '10.5.0.32', '2022-09-04 18:12:40', 1),
        (434, 5, 1, 44, '10.5.0.33', '2022-09-29 01:20:41', 1),
        (435, 5, 1, 45, '10.5.0.34', '2022-09-24 04:52:13', 1),
        (436, 5, 3, 46, '10.5.0.35', '2022-08-05 19:06:49', 1),
        (437, 5, 3, 47, '10.5.0.36', '2022-08-21 05:30:21', 1),
        (438, 5, 2, 48, '10.5.0.37', '2022-09-20 15:13:01', 1),
        (439, 5, 2, 49, '10.5.0.38', '2022-08-02 04:24:41', 1),
        (440, 5, 2, 50, '10.5.0.39', '2022-09-23 08:06:53', 1),
        (441, 5, 2, 51, '10.5.0.40', '2022-08-15 10:45:33', 1),
        (442, 5, 4, 52, '10.5.0.41', '2022-09-24 09:38:01', 1),
        (443, 5, 2, 53, '10.5.0.42', '2022-09-06 15:11:14', 1),
        (444, 5, 2, 54, '10.5.0.43', '2022-09-05 22:56:49', 1),
        (445, 5, 2, 55, '10.5.0.44', '2022-09-24 12:04:20', 1),
        (446, 5, 2, 56, '10.5.0.45', '2022-08-03 09:02:54', 1),
        (447, 5, 2, 57, '10.5.0.46', '2022-08-14 13:08:14', 1),
        (448, 5, 2, 58, '10.5.0.47', '2022-08-29 23:57:59', 1),
        (449, 5, 2, 59, '10.5.0.48', '2022-08-29 06:51:21', 1),
        (450, 5, 1, 60, '10.5.0.49', '2022-08-27 18:23:44', 1),
        (451, 5, 2, 61, '10.5.200.227', '2022-08-17 07:03:51', 1),
        (452, 5, 2, 62, '10.5.200.179', '2022-09-01 07:16:35', 1),
        (453, 5, 2, 63, '10.5.200.10', '2022-08-10 16:13:30', 1),
        (454, 5, 2, 64, '10.5.200.10', '2022-08-17 08:00:15', 1),
        (455, 5, 2, 65, '10.5.200.179', '2022-08-03 12:15:33', 1),
        (456, 5, 2, 66, '10.5.200.10', '2022-08-16 13:05:00', 1),
        (457, 5, 2, 67, '10.5.200.10', '2022-08-09 00:25:39', 1),
        (458, 5, 4, 68, '10.5.200.10', '2022-09-07 12:10:09', 1),
        (459, 5, 4, 69, '10.5.200.179', '2022-08-09 05:33:12', 1),
        (460, 5, 2, 70, '10.5.200.227', '2022-09-02 12:55:56', 1),
        (461, 5, 2, 71, '10.5.200.179', '2022-08-20 21:54:03', 1),
        (462, 5, 2, 72, '10.5.200.179', '2022-09-22 09:14:12', 1),
        (463, 5, 2, 73, '10.5.200.10', '2022-08-06 14:26:49', 1),
        (464, 5, 2, 74, '10.5.200.227', '2022-08-31 09:33:24', 1),
        (465, 5, 2, 75, '10.5.200.10', '2022-09-14 16:58:14', 1),
        (466, 5, 2, 76, '10.5.200.227', '2022-08-15 01:52:54', 1),
        (467, 5, 2, 77, '10.5.200.227', '2022-08-14 16:13:44', 1),
        (468, 5, 2, 78, '10.5.200.227', '2022-09-08 04:30:12', 1),
        (469, 5, 4, 79, '10.5.200.10', '2022-09-14 09:51:48', 1),
        (470, 5, 4, 80, '10.5.200.10', '2022-08-18 04:51:07', 1),
        (471, 5, 2, 81, '10.5.200.179', '2022-09-15 21:15:01', 1),
        (472, 5, 1, 82, '10.5.200.10', '2022-08-12 09:40:01', 1),
        (473, 5, 2, 83, '10.5.200.179', '2022-08-27 11:08:11', 1),
        (474, 5, 2, 84, '10.5.200.227', '2022-09-09 02:13:49', 1),
        (475, 5, 4, 85, '10.5.200.227', '2022-08-11 01:43:51', 1),
        (476, 5, 4, 86, '10.5.200.227', '2022-08-20 03:49:21', 1),
        (477, 5, 2, 87, '10.5.200.179', '2022-08-24 23:03:22', 1),
        (478, 5, 4, 88, '10.5.200.10', '2022-09-03 11:12:16', 1),
        (479, 5, 4, 89, '10.5.200.227', '2022-08-19 15:03:23', 1),
        (480, 5, 2, 90, '10.5.200.10', '2022-09-07 21:14:22', 1),
        (481, 7, 11, 11, '10.7.0.0', '2022-09-09 11:03:40', 1),
        (482, 7, 11, 12, '10.7.0.1', '2022-08-07 04:09:09', 1),
        (483, 7, 13, 13, '10.7.0.2', '2022-08-15 04:09:16', 1),
        (484, 7, 12, 14, '10.7.0.3', '2022-09-10 23:49:51', 1),
        (485, 7, 11, 15, '10.7.0.4', '2022-09-22 07:10:46', 1),
        (486, 7, 12, 16, '10.7.0.5', '2022-08-27 05:40:04', 1),
        (487, 7, 13, 17, '10.7.0.6', '2022-09-21 01:52:23', 1),
        (488, 7, 13, 18, '10.7.0.7', '2022-09-03 07:59:09', 1),
        (489, 7, 11, 19, '10.7.0.8', '2022-09-29 12:02:20', 1),
        (490, 7, 13, 20, '10.7.0.9', '2022-08-26 07:06:19', 1),
        (491, 7, 12, 21, '10.7.0.10', '2022-08-20 20:03:26', 1),
        (492, 7, 12, 22, '10.7.0.11', '2022-08-20 14:37:23', 1),
        (493, 7, 12, 23, '10.7.0.12', '2022-09-18 17:23:53', 1),
        (494, 7, 11, 24, '10.7.0.13', '2022-09-26 16:56:03', 1),
        (495, 7, 11, 25, '10.7.0.14', '2022-08-04 13:40:56', 1),
        (496, 7, 13, 26, '10.7.0.15', '2022-08-24 21:30:42', 1),
        (497, 7, 11, 27, '10.7.0.16', '2022-09-08 16:07:00', 1),
        (498, 7, 14, 28, '10.7.0.17', '2022-09-22 10:03:07', 1),
        (499, 7, 12, 29, '10.7.0.18', '2022-09-26 18:59:55', 1),
        (500, 7, 11, 30, '10.7.0.19', '2022-09-23 12:11:04', 1),
        (501, 7, 13, 31, '10.7.0.20', '2022-09-08 23:08:37', 1),
        (502, 7, 13, 32, '10.7.0.21', '2022-08-31 13:32:00', 1),
        (503, 7, 12, 33, '10.7.0.22', '2022-08-17 01:18:41', 1),
        (504, 7, 12, 34, '10.7.0.23', '2022-08-24 09:02:46', 1),
        (505, 7, 12, 35, '10.7.0.24', '2022-09-24 15:52:34', 1),
        (506, 7, 11, 36, '10.7.0.25', '2022-08-03 22:23:36', 1),
        (507, 7, 11, 37, '10.7.0.26', '2022-08-10 17:30:13', 1),
        (508, 7, 11, 38, '10.7.0.27', '2022-09-09 06:28:07', 1),
        (509, 7, 12, 39, '10.7.0.28', '2022-08-17 18:56:31', 1),
        (510, 7, 14, 40, '10.7.0.29', '2022-09-19 06:09:21', 1),
        (511, 7, 11, 41, '10.7.0.30', '2022-08-09 01:10:46', 1),
        (512, 7, 12, 42, '10.7.0.31', '2022-09-20 09:29:57', 1),
        (513, 7, 13, 43, '10.7.0.32', '2022-09-17 15:50:58', 1),
        (514, 7, 13, 44, '10.7.0.33', '2022-08-19 10:52:43', 1),
        (515, 7, 13, 45, '10.7.0.34', '2022-08-23 19:23:16', 1),
        (516, 7, 14, 46, '10.7.0.35', '2022-08-09 05:10:58', 1),
        (517, 7, 11, 47, '10.7.0.36', '2022-08-30 11:37:22', 1),
        (518, 7, 13, 48, '10.7.0.37', '2022-08-30 05:39:48', 1),
        (519, 7, 14, 49, '10.7.0.38', '2022-09-13 17:46:55', 1),
        (520, 7, 11, 50, '10.7.0.39', '2022-09-10 14:38:08', 1),
        (521, 7, 13, 51, '10.7.0.40', '2022-09-09 06:41:29', 1),
        (522, 7, 13, 52, '10.7.0.41', '2022-09-18 13:40:09', 1),
        (523, 7, 14, 53, '10.7.0.42', '2022-08-10 03:42:02', 1),
        (524, 7, 11, 54, '10.7.0.43', '2022-09-05 14:52:43', 1),
        (525, 7, 11, 55, '10.7.0.44', '2022-09-28 13:06:04', 1),
        (526, 7, 13, 56, '10.7.0.45', '2022-08-16 06:47:34', 1),
        (527, 7, 11, 57, '10.7.0.46', '2022-09-16 05:49:17', 1),
        (528, 7, 14, 58, '10.7.0.47', '2022-09-15 06:08:36', 1),
        (529, 7, 11, 59, '10.7.0.48', '2022-08-07 00:53:34', 1),
        (530, 7, 11, 60, '10.7.0.49', '2022-09-17 05:14:43', 1),
        (531, 7, 12, 61, '10.7.200.63', '2022-08-09 04:58:49', 1),
        (532, 7, 14, 62, '10.7.200.63', '2022-09-18 23:49:19', 1),
        (533, 7, 13, 63, '10.7.200.63', '2022-08-10 03:14:14', 1),
        (534, 7, 13, 64, '10.7.200.63', '2022-08-25 08:17:52', 1),
        (535, 7, 13, 65, '10.7.200.50', '2022-09-25 05:56:20', 1),
        (536, 7, 14, 66, '10.7.200.83', '2022-09-29 02:16:11', 1),
        (537, 7, 12, 67, '10.7.200.63', '2022-09-04 07:40:27', 1),
        (538, 7, 13, 68, '10.7.200.63', '2022-09-13 04:29:48', 1),
        (539, 7, 12, 69, '10.7.200.63', '2022-09-22 04:27:49', 1),
        (540, 7, 13, 70, '10.7.200.63', '2022-09-22 11:08:23', 1),
        (541, 7, 14, 71, '10.7.200.83', '2022-09-01 06:58:08', 1),
        (542, 7, 12, 72, '10.7.200.83', '2022-08-06 12:51:49', 1),
        (543, 7, 14, 73, '10.7.200.83', '2022-08-24 11:02:37', 1),
        (544, 7, 12, 74, '10.7.200.63', '2022-09-03 12:00:00', 1),
        (545, 7, 12, 75, '10.7.200.63', '2022-08-20 11:12:26', 1),
        (546, 7, 12, 76, '10.7.200.83', '2022-08-11 13:49:13', 1),
        (547, 7, 13, 77, '10.7.200.83', '2022-09-06 12:00:50', 1),
        (548, 7, 13, 78, '10.7.200.50', '2022-08-01 09:00:35', 1),
        (549, 7, 14, 79, '10.7.200.63', '2022-09-26 18:07:53', 1),
        (550, 7, 12, 80, '10.7.200.50', '2022-09-25 23:31:53', 1),
        (551, 7, 12, 81, '10.7.200.50', '2022-09-28 10:59:06', 1),
        (552, 7, 14, 82, '10.7.200.50', '2022-09-08 23:19:34', 1),
        (553, 7, 14, 83, '10.7.200.50', '2022-09-02 06:08:22', 1),
        (554, 7, 12, 84, '10.7.200.63', '2022-08-22 02:09:00', 1),
        (555, 7, 14, 85, '10.7.200.50', '2022-08-13 12:40:46', 1),
        (556, 7, 13, 86, '10.7.200.83', '2022-09-16 12:30:39', 1),
        (557, 7, 12, 87, '10.7.200.63', '2022-09-20 01:13:27', 1),
        (558, 7, 12, 88, '10.7.200.50', '2022-08-14 08:12:39', 1),
        (559, 7, 13, 89, '10.7.200.50', '2022-08-02 09:22:56', 1),
        (560, 7, 14, 90, '10.7.200.50', '2022-09-20 03:57:22', 1),
        (561, 4, 53, 11, '10.4.0.0', '2023-07-26 02:50:22', 1),
        (562, 4, 49, 12, '10.4.0.1', '2023-07-15 04:56:39', 1),
        (563, 4, 53, 13, '10.4.0.2', '2023-07-16 17:42:46', 1),
        (564, 4, 47, 14, '10.4.0.3', '2023-07-16 01:05:19', 1),
        (565, 4, 49, 15, '10.4.0.4', '2023-07-25 12:43:08', 1),
        (566, 4, 47, 16, '10.4.0.5', '2023-06-21 00:22:51', 1),
        (567, 4, 49, 17, '10.4.0.6', '2023-07-01 05:29:05', 1),
        (568, 4, 50, 18, '10.4.0.7', '2023-06-29 01:20:04', 1),
        (569, 4, 49, 19, '10.4.0.8', '2023-07-04 23:02:27', 1),
        (570, 4, 49, 20, '10.4.0.9', '2023-07-19 23:40:57', 1),
        (571, 4, 49, 21, '10.4.0.10', '2023-07-10 08:44:31', 1),
        (572, 4, 53, 22, '10.4.0.11', '2023-07-23 23:28:48', 1),
        (573, 4, 49, 23, '10.4.0.12', '2023-07-23 06:18:05', 1),
        (574, 4, 47, 24, '10.4.0.13', '2023-06-27 10:15:16', 1),
        (575, 4, 47, 25, '10.4.0.14', '2023-07-02 21:32:49', 1),
        (576, 4, 49, 26, '10.4.0.15', '2023-06-20 20:59:48', 1),
        (577, 4, 50, 27, '10.4.0.16', '2023-07-12 13:36:56', 1),
        (578, 4, 49, 28, '10.4.0.17', '2023-07-02 14:58:16', 1),
        (579, 4, 53, 29, '10.4.0.18', '2023-06-29 21:49:28', 1),
        (580, 4, 48, 30, '10.4.0.19', '2023-06-26 06:49:06', 1),
        (581, 4, 53, 31, '10.4.0.20', '2023-06-22 05:36:03', 1),
        (582, 4, 48, 32, '10.4.0.21', '2023-07-19 01:16:33', 1),
        (583, 4, 49, 33, '10.4.0.22', '2023-06-20 04:32:47', 1),
        (584, 4, 49, 34, '10.4.0.23', '2023-07-29 13:58:53', 1),
        (585, 4, 47, 35, '10.4.0.24', '2023-06-28 15:18:01', 1),
        (586, 4, 53, 36, '10.4.0.25', '2023-07-17 21:43:07', 1),
        (587, 4, 47, 37, '10.4.0.26', '2023-07-18 04:42:29', 1),
        (588, 4, 53, 38, '10.4.0.27', '2023-06-27 23:27:50', 1),
        (589, 4, 53, 39, '10.4.0.28', '2023-06-25 19:41:01', 1),
        (590, 4, 49, 40, '10.4.0.29', '2023-07-29 02:01:11', 1),
        (591, 4, 47, 41, '10.4.0.30', '2023-07-09 12:55:48', 1),
        (592, 4, 48, 42, '10.4.0.31', '2023-07-30 08:56:39', 1),
        (593, 4, 48, 43, '10.4.0.32', '2023-07-29 07:10:05', 1),
        (594, 4, 53, 44, '10.4.0.33', '2023-07-04 22:15:16', 1),
        (595, 4, 53, 45, '10.4.0.34', '2023-07-12 00:38:05', 1),
        (596, 4, 53, 46, '10.4.0.35', '2023-07-20 17:14:49', 1),
        (597, 4, 47, 47, '10.4.0.36', '2023-07-14 10:04:10', 1),
        (598, 4, 49, 48, '10.4.0.37', '2023-06-29 10:05:56', 1),
        (599, 4, 49, 49, '10.4.0.38', '2023-07-13 01:13:49', 1),
        (600, 4, 49, 50, '10.4.0.39', '2023-07-01 11:53:12', 1),
        (601, 4, 50, 51, '10.4.0.40', '2023-06-27 04:54:29', 1),
        (602, 4, 49, 52, '10.4.0.41', '2023-06-23 16:05:11', 1),
        (603, 4, 49, 53, '10.4.0.42', '2023-07-29 18:50:10', 1),
        (604, 4, 47, 54, '10.4.0.43', '2023-07-04 11:53:05', 1),
        (605, 4, 48, 55, '10.4.0.44', '2023-07-12 17:25:16', 1),
        (606, 4, 50, 56, '10.4.0.45', '2023-07-04 18:32:40', 1),
        (607, 4, 53, 57, '10.4.0.46', '2023-07-09 16:32:00', 1),
        (608, 4, 47, 58, '10.4.0.47', '2023-07-07 22:25:21', 1),
        (609, 4, 48, 59, '10.4.0.48', '2023-06-20 09:54:44', 1),
        (610, 4, 49, 60, '10.4.0.49', '2023-06-23 07:10:38', 1),
        (611, 4, 50, 61, '10.4.200.99', '2023-07-06 12:34:27', 1),
        (612, 4, 53, 62, '10.4.200.111', '2023-07-13 02:37:20', 1),
        (613, 4, 50, 63, '10.4.200.111', '2023-07-10 18:21:37', 1),
        (614, 4, 53, 64, '10.4.200.170', '2023-07-06 20:20:43', 1),
        (615, 4, 50, 65, '10.4.200.111', '2023-07-10 19:26:25', 1),
        (616, 4, 53, 66, '10.4.200.170', '2023-07-20 09:41:15', 1),
        (617, 4, 53, 67, '10.4.200.170', '2023-07-17 16:30:58', 1),
        (618, 4, 47, 68, '10.4.200.99', '2023-06-23 16:45:26', 1),
        (619, 4, 53, 69, '10.4.200.99', '2023-06-22 13:18:58', 1),
        (620, 4, 53, 70, '10.4.200.111', '2023-07-12 20:56:46', 1),
        (621, 4, 50, 71, '10.4.200.111', '2023-07-15 08:44:10', 1),
        (622, 4, 47, 72, '10.4.200.111', '2023-07-23 18:55:20', 1),
        (623, 4, 53, 73, '10.4.200.170', '2023-06-27 05:56:24', 1),
        (624, 4, 47, 74, '10.4.200.99', '2023-07-15 07:34:01', 1),
        (625, 4, 53, 75, '10.4.200.111', '2023-06-21 20:23:21', 1),
        (626, 4, 47, 76, '10.4.200.111', '2023-06-28 18:41:22', 1),
        (627, 4, 50, 77, '10.4.200.99', '2023-06-24 06:42:49', 1),
        (628, 4, 50, 78, '10.4.200.99', '2023-07-26 03:48:15', 1),
        (629, 4, 47, 79, '10.4.200.170', '2023-07-25 01:40:30', 1),
        (630, 4, 47, 80, '10.4.200.111', '2023-07-09 23:33:19', 1),
        (631, 4, 47, 81, '10.4.200.99', '2023-07-06 17:22:25', 1),
        (632, 4, 47, 82, '10.4.200.111', '2023-07-05 02:47:10', 1),
        (633, 4, 50, 83, '10.4.200.170', '2023-06-22 21:09:22', 1),
        (634, 4, 47, 84, '10.4.200.170', '2023-06-21 07:58:28', 1),
        (635, 4, 47, 85, '10.4.200.111', '2023-07-19 03:42:18', 1),
        (636, 4, 47, 86, '10.4.200.170', '2023-07-11 18:07:42', 1),
        (637, 4, 50, 87, '10.4.200.170', '2023-07-10 18:49:14', 1),
        (638, 4, 47, 88, '10.4.200.170', '2023-07-06 23:02:54', 1),
        (639, 4, 53, 89, '10.4.200.111', '2023-07-12 20:25:53', 1),
        (640, 4, 50, 90, '10.4.200.111', '2023-07-21 02:07:48', 1),
        (641, 6, 8, 11, '10.6.0.0', '2023-08-04 11:15:10', 1),
        (642, 6, 7, 12, '10.6.0.1', '2023-08-27 06:37:15', 1),
        (643, 6, 10, 13, '10.6.0.2', '2023-09-09 14:42:04', 1),
        (644, 6, 7, 14, '10.6.0.3', '2023-09-11 22:04:29', 1),
        (645, 6, 10, 15, '10.6.0.4', '2023-08-17 10:17:50', 1),
        (646, 6, 6, 16, '10.6.0.5', '2023-09-13 22:09:59', 1),
        (647, 6, 7, 17, '10.6.0.6', '2023-08-10 09:15:33', 1),
        (648, 6, 10, 18, '10.6.0.7', '2023-09-18 06:17:55', 1),
        (649, 6, 8, 19, '10.6.0.8', '2023-08-05 06:55:11', 1),
        (650, 6, 10, 20, '10.6.0.9', '2023-09-15 23:55:29', 1),
        (651, 6, 9, 21, '10.6.0.10', '2023-09-23 06:14:22', 1),
        (652, 6, 10, 22, '10.6.0.11', '2023-08-26 23:38:11', 1),
        (653, 6, 8, 23, '10.6.0.12', '2023-08-19 04:33:38', 1),
        (654, 6, 10, 24, '10.6.0.13', '2023-08-28 21:34:19', 1),
        (655, 6, 5, 25, '10.6.0.14', '2023-08-26 11:26:18', 1),
        (656, 6, 10, 26, '10.6.0.15', '2023-09-20 07:48:08', 1),
        (657, 6, 8, 27, '10.6.0.16', '2023-09-14 07:29:02', 1),
        (658, 6, 8, 28, '10.6.0.17', '2023-08-17 11:14:48', 1),
        (659, 6, 9, 29, '10.6.0.18', '2023-09-29 07:31:12', 1),
        (660, 6, 5, 30, '10.6.0.19', '2023-09-25 12:28:29', 1),
        (661, 6, 8, 31, '10.6.0.20', '2023-09-13 19:27:44', 1),
        (662, 6, 8, 32, '10.6.0.21', '2023-08-21 21:22:20', 1),
        (663, 6, 8, 33, '10.6.0.22', '2023-08-05 16:17:01', 1),
        (664, 6, 5, 34, '10.6.0.23', '2023-08-02 21:12:49', 1),
        (665, 6, 9, 35, '10.6.0.24', '2023-09-13 09:54:57', 1),
        (666, 6, 6, 36, '10.6.0.25', '2023-09-06 04:17:44', 1),
        (667, 6, 8, 37, '10.6.0.26', '2023-08-12 14:04:29', 1),
        (668, 6, 5, 38, '10.6.0.27', '2023-08-20 04:34:43', 1),
        (669, 6, 10, 39, '10.6.0.28', '2023-09-24 05:45:30', 1),
        (670, 6, 7, 40, '10.6.0.29', '2023-09-20 02:22:00', 1),
        (671, 6, 8, 41, '10.6.0.30', '2023-08-11 11:19:44', 1),
        (672, 6, 10, 42, '10.6.0.31', '2023-09-27 18:38:41', 1),
        (673, 6, 6, 43, '10.6.0.32', '2023-09-28 15:37:49', 1),
        (674, 6, 5, 44, '10.6.0.33', '2023-09-12 13:43:51', 1),
        (675, 6, 7, 45, '10.6.0.34', '2023-09-13 03:07:17', 1),
        (676, 6, 10, 46, '10.6.0.35', '2023-08-13 20:17:55', 1),
        (677, 6, 7, 47, '10.6.0.36', '2023-09-13 18:14:24', 1),
        (678, 6, 7, 48, '10.6.0.37', '2023-08-25 05:15:25', 1),
        (679, 6, 6, 49, '10.6.0.38', '2023-09-08 06:13:53', 1),
        (680, 6, 10, 50, '10.6.0.39', '2023-08-10 04:01:31', 1),
        (681, 6, 7, 51, '10.6.0.40', '2023-08-25 02:12:38', 1),
        (682, 6, 8, 52, '10.6.0.41', '2023-08-30 20:27:35', 1),
        (683, 6, 6, 53, '10.6.0.42', '2023-08-13 00:54:36', 1),
        (684, 6, 6, 54, '10.6.0.43', '2023-09-16 18:31:01', 1),
        (685, 6, 5, 55, '10.6.0.44', '2023-08-03 22:43:16', 1),
        (686, 6, 6, 56, '10.6.0.45', '2023-09-28 21:12:16', 1),
        (687, 6, 7, 57, '10.6.0.46', '2023-08-20 02:10:37', 1),
        (688, 6, 10, 58, '10.6.0.47', '2023-08-21 12:52:52', 1),
        (689, 6, 8, 59, '10.6.0.48', '2023-09-12 08:40:32', 1),
        (690, 6, 10, 60, '10.6.0.49', '2023-08-17 00:02:08', 1),
        (691, 6, 5, 61, '10.6.200.169', '2023-09-06 11:41:52', 1),
        (692, 6, 7, 62, '10.6.200.213', '2023-08-01 03:55:03', 1),
        (693, 6, 7, 63, '10.6.200.213', '2023-09-14 12:41:16', 1),
        (694, 6, 7, 64, '10.6.200.213', '2023-08-04 09:11:43', 1),
        (695, 6, 10, 65, '10.6.200.213', '2023-08-02 06:51:22', 1),
        (696, 6, 7, 66, '10.6.200.126', '2023-08-28 23:59:41', 1),
        (697, 6, 7, 67, '10.6.200.169', '2023-08-31 18:27:24', 1),
        (698, 6, 5, 68, '10.6.200.213', '2023-09-20 09:18:41', 1),
        (699, 6, 5, 69, '10.6.200.126', '2023-08-30 15:28:48', 1),
        (700, 6, 7, 70, '10.6.200.126', '2023-08-18 09:51:13', 1),
        (701, 6, 7, 71, '10.6.200.169', '2023-09-25 09:34:10', 1),
        (702, 6, 7, 72, '10.6.200.213', '2023-08-04 09:34:20', 1),
        (703, 6, 10, 73, '10.6.200.213', '2023-09-04 17:35:06', 1),
        (704, 6, 7, 74, '10.6.200.213', '2023-09-04 13:19:38', 1),
        (705, 6, 7, 75, '10.6.200.169', '2023-09-01 00:35:23', 1),
        (706, 6, 7, 76, '10.6.200.169', '2023-08-15 03:58:01', 1),
        (707, 6, 7, 77, '10.6.200.126', '2023-09-11 07:13:09', 1),
        (708, 6, 5, 78, '10.6.200.126', '2023-08-08 03:53:06', 1),
        (709, 6, 10, 79, '10.6.200.126', '2023-08-29 01:47:21', 1),
        (710, 6, 7, 80, '10.6.200.213', '2023-08-19 11:56:47', 1),
        (711, 6, 7, 81, '10.6.200.213', '2023-08-09 20:49:04', 1),
        (712, 6, 7, 82, '10.6.200.169', '2023-09-12 03:35:41', 1),
        (713, 6, 10, 83, '10.6.200.169', '2023-08-20 05:54:18', 1),
        (714, 6, 7, 84, '10.6.200.169', '2023-08-15 01:23:53', 1),
        (715, 6, 7, 85, '10.6.200.213', '2023-09-22 07:36:04', 1),
        (716, 6, 7, 86, '10.6.200.213', '2023-08-15 12:45:33', 1),
        (717, 6, 7, 87, '10.6.200.213', '2023-09-29 16:32:31', 1),
        (718, 6, 10, 88, '10.6.200.213', '2023-08-10 08:52:05', 1),
        (719, 6, 7, 89, '10.6.200.213', '2023-09-17 04:04:31', 1),
        (720, 6, 10, 90, '10.6.200.126', '2023-08-14 13:43:54', 1),
        (721, 8, 18, 11, '10.8.0.0', '2023-08-31 11:17:55', 1),
        (722, 8, 19, 12, '10.8.0.1', '2023-09-18 15:53:04', 1),
        (723, 8, 17, 13, '10.8.0.2', '2023-08-04 17:24:46', 1),
        (724, 8, 17, 14, '10.8.0.3', '2023-08-03 13:58:54', 1),
        (725, 8, 19, 15, '10.8.0.4', '2023-09-02 12:35:02', 1),
        (726, 8, 16, 16, '10.8.0.5', '2023-09-09 12:00:35', 1),
        (727, 8, 17, 17, '10.8.0.6', '2023-08-13 00:59:18', 1),
        (728, 8, 17, 18, '10.8.0.7', '2023-08-11 03:02:33', 1),
        (729, 8, 17, 19, '10.8.0.8', '2023-08-14 03:24:23', 1),
        (730, 8, 19, 20, '10.8.0.9', '2023-08-03 22:22:42', 1),
        (731, 8, 17, 21, '10.8.0.10', '2023-09-11 22:49:09', 1),
        (732, 8, 17, 22, '10.8.0.11', '2023-09-04 14:02:31', 1),
        (733, 8, 19, 23, '10.8.0.12', '2023-08-16 13:53:20', 1),
        (734, 8, 19, 24, '10.8.0.13', '2023-08-04 13:27:08', 1),
        (735, 8, 20, 25, '10.8.0.14', '2023-08-27 05:30:54', 1),
        (736, 8, 19, 26, '10.8.0.15', '2023-08-20 08:29:05', 1),
        (737, 8, 18, 27, '10.8.0.16', '2023-09-27 09:34:44', 1),
        (738, 8, 18, 28, '10.8.0.17', '2023-09-23 15:04:42', 1),
        (739, 8, 17, 29, '10.8.0.18', '2023-09-03 07:47:41', 1),
        (740, 8, 17, 30, '10.8.0.19', '2023-09-01 16:20:30', 1),
        (741, 8, 17, 31, '10.8.0.20', '2023-09-01 00:20:20', 1),
        (742, 8, 18, 32, '10.8.0.21', '2023-08-25 15:15:09', 1),
        (743, 8, 17, 33, '10.8.0.22', '2023-08-14 00:16:30', 1),
        (744, 8, 16, 34, '10.8.0.23', '2023-08-04 04:33:17', 1),
        (745, 8, 16, 35, '10.8.0.24', '2023-09-26 06:48:59', 1),
        (746, 8, 17, 36, '10.8.0.25', '2023-08-14 10:03:29', 1),
        (747, 8, 17, 37, '10.8.0.26', '2023-08-05 21:13:43', 1),
        (748, 8, 19, 38, '10.8.0.27', '2023-09-29 12:25:20', 1),
        (749, 8, 18, 39, '10.8.0.28', '2023-08-31 15:27:12', 1),
        (750, 8, 20, 40, '10.8.0.29', '2023-08-06 05:57:19', 1),
        (751, 8, 18, 41, '10.8.0.30', '2023-08-02 01:58:37', 1),
        (752, 8, 16, 42, '10.8.0.31', '2023-08-27 13:44:09', 1),
        (753, 8, 18, 43, '10.8.0.32', '2023-08-31 02:31:10', 1),
        (754, 8, 17, 44, '10.8.0.33', '2023-08-21 11:20:51', 1),
        (755, 8, 18, 45, '10.8.0.34', '2023-08-13 05:32:40', 1),
        (756, 8, 15, 46, '10.8.0.35', '2023-08-29 03:06:28', 1),
        (757, 8, 19, 47, '10.8.0.36', '2023-08-24 19:36:22', 1),
        (758, 8, 16, 48, '10.8.0.37', '2023-09-24 04:10:32', 1),
        (759, 8, 16, 49, '10.8.0.38', '2023-09-25 21:31:54', 1),
        (760, 8, 17, 50, '10.8.0.39', '2023-08-17 20:47:48', 1),
        (761, 8, 16, 51, '10.8.0.40', '2023-08-20 05:02:32', 1),
        (762, 8, 19, 52, '10.8.0.41', '2023-09-19 20:58:40', 1),
        (763, 8, 15, 53, '10.8.0.42', '2023-08-14 10:27:19', 1),
        (764, 8, 17, 54, '10.8.0.43', '2023-09-21 10:35:47', 1),
        (765, 8, 19, 55, '10.8.0.44', '2023-08-21 16:51:38', 1),
        (766, 8, 18, 56, '10.8.0.45', '2023-09-10 08:40:48', 1),
        (767, 8, 17, 57, '10.8.0.46', '2023-09-22 18:01:03', 1),
        (768, 8, 17, 58, '10.8.0.47', '2023-09-27 10:35:17', 1),
        (769, 8, 19, 59, '10.8.0.48', '2023-09-16 09:56:00', 1),
        (770, 8, 18, 60, '10.8.0.49', '2023-09-02 06:34:51', 1),
        (771, 8, 19, 61, '10.8.200.104', '2023-08-08 18:24:15', 1),
        (772, 8, 19, 62, '10.8.200.104', '2023-08-31 13:46:02', 1),
        (773, 8, 18, 63, '10.8.200.92', '2023-08-31 12:36:55', 1),
        (774, 8, 20, 64, '10.8.200.225', '2023-08-16 05:55:42', 1),
        (775, 8, 19, 65, '10.8.200.225', '2023-09-05 06:05:54', 1),
        (776, 8, 18, 66, '10.8.200.225', '2023-09-26 07:58:39', 1),
        (777, 8, 18, 67, '10.8.200.92', '2023-08-18 03:12:01', 1),
        (778, 8, 20, 68, '10.8.200.92', '2023-09-14 18:53:13', 1),
        (779, 8, 18, 69, '10.8.200.92', '2023-08-23 10:44:37', 1),
        (780, 8, 20, 70, '10.8.200.92', '2023-08-06 21:06:31', 1),
        (781, 8, 18, 71, '10.8.200.104', '2023-08-27 07:57:06', 1),
        (782, 8, 18, 72, '10.8.200.225', '2023-08-06 06:41:39', 1),
        (783, 8, 18, 73, '10.8.200.92', '2023-08-07 10:01:37', 1),
        (784, 8, 20, 74, '10.8.200.225', '2023-08-03 05:32:41', 1),
        (785, 8, 18, 75, '10.8.200.225', '2023-08-02 23:34:11', 1),
        (786, 8, 20, 76, '10.8.200.92', '2023-09-28 20:19:02', 1),
        (787, 8, 18, 77, '10.8.200.92', '2023-09-18 04:49:55', 1),
        (788, 8, 18, 78, '10.8.200.104', '2023-09-04 14:32:14', 1),
        (789, 8, 18, 79, '10.8.200.225', '2023-08-30 09:52:47', 1),
        (790, 8, 20, 80, '10.8.200.104', '2023-09-08 19:32:22', 1),
        (791, 8, 18, 81, '10.8.200.92', '2023-08-13 02:00:01', 1),
        (792, 8, 20, 82, '10.8.200.92', '2023-08-17 21:00:35', 1),
        (793, 8, 19, 83, '10.8.200.104', '2023-08-04 16:57:18', 1),
        (794, 8, 19, 84, '10.8.200.104', '2023-08-14 06:49:24', 1),
        (795, 8, 18, 85, '10.8.200.104', '2023-09-14 16:45:13', 1),
        (796, 8, 18, 86, '10.8.200.104', '2023-08-20 08:38:20', 1),
        (797, 8, 18, 87, '10.8.200.104', '2023-08-09 04:48:27', 1),
        (798, 8, 20, 88, '10.8.200.92', '2023-09-27 08:29:32', 1),
        (799, 8, 18, 89, '10.8.200.104', '2023-09-18 23:38:40', 1),
        (800, 8, 20, 90, '10.8.200.92', '2023-09-27 01:38:59', 1),
        (801, 13, 81, 11, '10.13.0.0', '2024-11-14 08:25:12', 1),
        (802, 13, 82, 12, '10.13.0.1', '2024-11-25 12:04:09', 1),
        (803, 13, 81, 13, '10.13.0.2', '2024-11-06 05:28:42', 1),
        (804, 13, 84, 14, '10.13.0.3', '2024-11-16 23:18:26', 1),
        (805, 13, 84, 15, '10.13.0.4', '2024-10-30 19:19:22', 1),
        (806, 13, 86, 16, '10.13.0.5', '2024-10-03 03:17:24', 1),
        (807, 13, 85, 17, '10.13.0.6', '2024-12-07 14:00:49', 1),
        (808, 13, 85, 18, '10.13.0.7', '2024-12-18 05:00:12', 1),
        (809, 13, 82, 19, '10.13.0.8', '2024-12-25 09:40:15', 1),
        (810, 13, 85, 20, '10.13.0.9', '2024-10-02 22:56:11', 1),
        (811, 13, 81, 21, '10.13.0.10', '2024-10-24 16:09:23', 1),
        (812, 13, 81, 22, '10.13.0.11', '2024-11-25 18:30:31', 1),
        (813, 13, 81, 23, '10.13.0.12', '2024-12-12 02:42:06', 1),
        (814, 13, 82, 24, '10.13.0.13', '2024-10-26 07:01:58', 1),
        (815, 13, 85, 25, '10.13.0.14', '2024-10-14 18:30:38', 1),
        (816, 13, 86, 26, '10.13.0.15', '2024-11-04 07:59:09', 1),
        (817, 13, 83, 27, '10.13.0.16', '2024-11-15 17:19:31', 1),
        (818, 13, 86, 28, '10.13.0.17', '2024-11-21 22:41:41', 1),
        (819, 13, 85, 29, '10.13.0.18', '2024-11-02 20:45:09', 1),
        (820, 13, 82, 30, '10.13.0.19', '2024-12-23 20:05:44', 1),
        (821, 13, 85, 31, '10.13.0.20', '2024-11-22 04:49:59', 1),
        (822, 13, 85, 32, '10.13.0.21', '2024-12-01 21:36:04', 1),
        (823, 13, 85, 33, '10.13.0.22', '2024-11-09 21:19:08', 1),
        (824, 13, 85, 34, '10.13.0.23', '2024-12-10 22:02:43', 1),
        (825, 13, 85, 35, '10.13.0.24', '2024-12-26 14:43:26', 1),
        (826, 13, 82, 36, '10.13.0.25', '2024-12-23 10:24:28', 1),
        (827, 13, 82, 37, '10.13.0.26', '2024-12-05 23:18:49', 1),
        (828, 13, 83, 38, '10.13.0.27', '2024-11-04 08:19:08', 1),
        (829, 13, 85, 39, '10.13.0.28', '2024-12-18 19:43:20', 1),
        (830, 13, 83, 40, '10.13.0.29', '2024-11-04 04:49:28', 1),
        (831, 13, 85, 41, '10.13.0.30', '2024-10-18 14:21:24', 1),
        (832, 13, 82, 42, '10.13.0.31', '2024-10-31 14:34:27', 1),
        (833, 13, 82, 43, '10.13.0.32', '2024-11-22 02:18:31', 1),
        (834, 13, 88, 44, '10.13.0.33', '2024-11-12 03:25:44', 1),
        (835, 13, 82, 45, '10.13.0.34', '2024-10-25 13:33:59', 1),
        (836, 13, 81, 46, '10.13.0.35', '2024-11-23 16:06:53', 1),
        (837, 13, 81, 47, '10.13.0.36', '2024-12-26 03:00:00', 1),
        (838, 13, 81, 48, '10.13.0.37', '2024-12-17 05:15:47', 1),
        (839, 13, 85, 49, '10.13.0.38', '2024-12-06 09:26:00', 1),
        (840, 13, 85, 50, '10.13.0.39', '2024-11-02 23:39:15', 1),
        (841, 13, 81, 51, '10.13.0.40', '2024-11-20 10:57:36', 1),
        (842, 13, 85, 52, '10.13.0.41', '2024-12-02 05:27:08', 1),
        (843, 13, 85, 53, '10.13.0.42', '2024-12-04 21:40:08', 1),
        (844, 13, 85, 54, '10.13.0.43', '2024-10-02 17:36:54', 1),
        (845, 13, 82, 55, '10.13.0.44', '2024-11-09 06:43:03', 1),
        (846, 13, 88, 56, '10.13.0.45', '2024-12-19 13:08:32', 1),
        (847, 13, 82, 57, '10.13.0.46', '2024-10-17 07:36:07', 1),
        (848, 13, 82, 58, '10.13.0.47', '2024-10-31 10:39:46', 1),
        (849, 13, 82, 59, '10.13.0.48', '2024-10-20 09:25:56', 1),
        (850, 13, 83, 60, '10.13.0.49', '2024-11-06 13:33:42', 1),
        (851, 13, 85, 61, '10.13.200.104', '2024-10-17 21:12:19', 1),
        (852, 13, 86, 62, '10.13.200.220', '2024-12-11 12:20:23', 1),
        (853, 13, 85, 63, '10.13.200.104', '2024-11-05 16:35:29', 1),
        (854, 13, 86, 64, '10.13.200.220', '2024-10-20 20:07:23', 1),
        (855, 13, 86, 65, '10.13.200.220', '2024-11-11 13:48:18', 1),
        (856, 13, 86, 66, '10.13.200.104', '2024-11-10 05:26:40', 1),
        (857, 13, 85, 67, '10.13.200.139', '2024-10-11 04:06:38', 1),
        (858, 13, 86, 68, '10.13.200.220', '2024-12-06 21:09:28', 1),
        (859, 13, 86, 69, '10.13.200.104', '2024-10-22 06:22:12', 1),
        (860, 13, 85, 70, '10.13.200.104', '2024-10-17 05:56:18', 1),
        (861, 13, 81, 71, '10.13.200.139', '2024-11-11 08:51:23', 1),
        (862, 13, 85, 72, '10.13.200.104', '2024-12-09 17:06:15', 1),
        (863, 13, 85, 73, '10.13.200.104', '2024-11-12 07:24:59', 1),
        (864, 13, 85, 74, '10.13.200.139', '2024-10-31 21:07:19', 1),
        (865, 13, 85, 75, '10.13.200.139', '2024-12-26 05:39:59', 1),
        (866, 13, 85, 76, '10.13.200.104', '2024-12-02 08:29:54', 1),
        (867, 13, 81, 77, '10.13.200.139', '2024-12-18 02:29:20', 1),
        (868, 13, 86, 78, '10.13.200.220', '2024-12-10 00:05:36', 1),
        (869, 13, 86, 79, '10.13.200.139', '2024-12-01 23:29:53', 1),
        (870, 13, 85, 80, '10.13.200.220', '2024-10-23 17:57:06', 1),
        (871, 13, 86, 81, '10.13.200.220', '2024-12-03 07:39:30', 1),
        (872, 13, 85, 82, '10.13.200.104', '2024-12-10 00:03:19', 1),
        (873, 13, 86, 83, '10.13.200.139', '2024-11-13 11:07:45', 1),
        (874, 13, 81, 84, '10.13.200.139', '2024-11-28 10:52:19', 1),
        (875, 13, 86, 85, '10.13.200.104', '2024-10-11 14:57:22', 1),
        (876, 13, 86, 86, '10.13.200.104', '2024-10-19 11:01:14', 1),
        (877, 13, 85, 87, '10.13.200.220', '2024-12-26 09:46:37', 1),
        (878, 13, 85, 88, '10.13.200.220', '2024-10-29 02:34:11', 1),
        (879, 13, 85, 89, '10.13.200.139', '2024-10-10 01:28:06', 1),
        (880, 13, 86, 90, '10.13.200.104', '2024-12-06 06:31:42', 1),
        (881, 14, 69, 11, '10.14.0.0', '2024-12-08 21:42:37', 1),
        (882, 14, 71, 12, '10.14.0.1', '2024-12-04 02:44:28', 1),
        (883, 14, 66, 13, '10.14.0.2', '2024-12-02 08:42:30', 1),
        (884, 14, 69, 14, '10.14.0.3', '2024-10-11 11:37:15', 1),
        (885, 14, 72, 15, '10.14.0.4', '2024-10-26 10:19:50', 1),
        (886, 14, 68, 16, '10.14.0.5', '2024-11-03 03:51:38', 1),
        (887, 14, 67, 17, '10.14.0.6', '2024-10-17 15:30:41', 1),
        (888, 14, 67, 18, '10.14.0.7', '2024-12-19 02:34:10', 1),
        (889, 14, 68, 19, '10.14.0.8', '2024-11-09 07:26:35', 1),
        (890, 14, 72, 20, '10.14.0.9', '2024-11-24 04:53:09', 1),
        (891, 14, 69, 21, '10.14.0.10', '2024-10-21 06:15:14', 1),
        (892, 14, 68, 22, '10.14.0.11', '2024-10-30 00:43:46', 1),
        (893, 14, 71, 23, '10.14.0.12', '2024-12-14 03:37:34', 1),
        (894, 14, 66, 24, '10.14.0.13', '2024-10-26 18:39:46', 1),
        (895, 14, 66, 25, '10.14.0.14', '2024-10-07 12:31:40', 1),
        (896, 14, 71, 26, '10.14.0.15', '2024-10-10 17:28:58', 1),
        (897, 14, 66, 27, '10.14.0.16', '2024-10-22 22:38:03', 1),
        (898, 14, 68, 28, '10.14.0.17', '2024-10-27 07:02:46', 1),
        (899, 14, 68, 29, '10.14.0.18', '2024-11-17 09:45:25', 1),
        (900, 14, 66, 30, '10.14.0.19', '2024-11-02 04:10:02', 1),
        (901, 14, 72, 31, '10.14.0.20', '2024-10-19 12:08:27', 1),
        (902, 14, 71, 32, '10.14.0.21', '2024-10-29 11:20:44', 1),
        (903, 14, 67, 33, '10.14.0.22', '2024-10-09 10:12:41', 1),
        (904, 14, 72, 34, '10.14.0.23', '2024-10-12 07:51:37', 1),
        (905, 14, 66, 35, '10.14.0.24', '2024-11-30 20:01:51', 1),
        (906, 14, 67, 36, '10.14.0.25', '2024-12-19 08:47:42', 1),
        (907, 14, 71, 37, '10.14.0.26', '2024-12-10 15:58:59', 1),
        (908, 14, 71, 38, '10.14.0.27', '2024-11-22 09:47:14', 1),
        (909, 14, 72, 39, '10.14.0.28', '2024-10-27 06:17:24', 1),
        (910, 14, 66, 40, '10.14.0.29', '2024-10-21 08:21:26', 1),
        (911, 14, 72, 41, '10.14.0.30', '2024-12-13 07:50:11', 1),
        (912, 14, 67, 42, '10.14.0.31', '2024-10-23 21:25:01', 1),
        (913, 14, 72, 43, '10.14.0.32', '2024-10-06 07:39:55', 1),
        (914, 14, 67, 44, '10.14.0.33', '2024-12-13 00:26:14', 1),
        (915, 14, 66, 45, '10.14.0.34', '2024-12-05 05:52:55', 1),
        (916, 14, 69, 46, '10.14.0.35', '2024-11-21 15:00:32', 1),
        (917, 14, 71, 47, '10.14.0.36', '2024-10-14 15:10:50', 1),
        (918, 14, 72, 48, '10.14.0.37', '2024-11-16 14:22:23', 1),
        (919, 14, 66, 49, '10.14.0.38', '2024-11-18 01:29:55', 1),
        (920, 14, 71, 50, '10.14.0.39', '2024-12-14 20:27:19', 1),
        (921, 14, 69, 51, '10.14.0.40', '2024-10-02 11:58:22', 1),
        (922, 14, 72, 52, '10.14.0.41', '2024-12-30 19:23:28', 1),
        (923, 14, 69, 53, '10.14.0.42', '2024-10-19 00:59:31', 1),
        (924, 14, 72, 54, '10.14.0.43', '2024-12-20 14:08:52', 1),
        (925, 14, 66, 55, '10.14.0.44', '2024-11-19 10:52:21', 1),
        (926, 14, 72, 56, '10.14.0.45', '2024-12-19 15:44:07', 1),
        (927, 14, 67, 57, '10.14.0.46', '2024-11-01 04:54:09', 1),
        (928, 14, 66, 58, '10.14.0.47', '2024-11-25 17:54:43', 1),
        (929, 14, 72, 59, '10.14.0.48', '2024-11-05 10:25:26', 1),
        (930, 14, 68, 60, '10.14.0.49', '2024-12-27 12:10:40', 1),
        (931, 14, 65, 61, '10.14.200.218', '2024-11-17 05:51:02', 1),
        (932, 14, 65, 62, '10.14.200.218', '2024-10-28 04:00:25', 1),
        (933, 14, 66, 63, '10.14.200.116', '2024-11-21 10:23:44', 1),
        (934, 14, 66, 64, '10.14.200.218', '2024-11-12 15:47:45', 1),
        (935, 14, 66, 65, '10.14.200.116', '2024-12-03 18:49:34', 1),
        (936, 14, 66, 66, '10.14.200.116', '2024-10-26 03:13:40', 1),
        (937, 14, 66, 67, '10.14.200.87', '2024-10-08 18:41:07', 1),
        (938, 14, 70, 68, '10.14.200.116', '2024-11-25 03:45:42', 1),
        (939, 14, 66, 69, '10.14.200.87', '2024-10-14 18:46:25', 1),
        (940, 14, 66, 70, '10.14.200.116', '2024-12-15 17:01:56', 1),
        (941, 14, 70, 71, '10.14.200.87', '2024-12-16 09:22:48', 1),
        (942, 14, 66, 72, '10.14.200.116', '2024-11-11 22:49:34', 1),
        (943, 14, 70, 73, '10.14.200.116', '2024-10-31 11:00:12', 1),
        (944, 14, 65, 74, '10.14.200.87', '2024-11-26 11:22:15', 1),
        (945, 14, 66, 75, '10.14.200.87', '2024-11-20 11:08:29', 1),
        (946, 14, 66, 76, '10.14.200.218', '2024-10-30 18:24:45', 1),
        (947, 14, 70, 77, '10.14.200.87', '2024-12-05 00:35:03', 1),
        (948, 14, 65, 78, '10.14.200.87', '2024-12-22 07:30:09', 1),
        (949, 14, 70, 79, '10.14.200.87', '2024-10-25 19:04:47', 1),
        (950, 14, 65, 80, '10.14.200.116', '2024-12-30 14:49:51', 1),
        (951, 14, 65, 81, '10.14.200.87', '2024-12-07 16:31:14', 1),
        (952, 14, 70, 82, '10.14.200.87', '2024-10-18 02:10:01', 1),
        (953, 14, 66, 83, '10.14.200.218', '2024-12-26 17:26:30', 1),
        (954, 14, 65, 84, '10.14.200.116', '2024-11-23 18:59:23', 1),
        (955, 14, 66, 85, '10.14.200.218', '2024-11-12 06:02:52', 1),
        (956, 14, 65, 86, '10.14.200.87', '2024-10-18 06:12:43', 1),
        (957, 14, 70, 87, '10.14.200.116', '2024-10-01 14:04:47', 1),
        (958, 14, 65, 88, '10.14.200.87', '2024-12-26 10:35:21', 1),
        (959, 14, 65, 89, '10.14.200.116', '2024-10-22 18:53:25', 1),
        (960, 14, 70, 90, '10.14.200.116', '2024-10-10 21:34:23', 1),
        (961, 15, 75, 11, '10.15.0.0', '2024-11-27 23:14:37', 1),
        (962, 15, 75, 12, '10.15.0.1', '2024-11-09 08:06:11', 1),
        (963, 15, 77, 13, '10.15.0.2', '2024-11-15 06:36:07', 1),
        (964, 15, 73, 14, '10.15.0.3', '2024-11-22 05:56:10', 1),
        (965, 15, 77, 15, '10.15.0.4', '2024-11-09 03:40:43', 1),
        (966, 15, 76, 16, '10.15.0.5', '2024-12-28 05:42:24', 1),
        (967, 15, 75, 17, '10.15.0.6', '2024-12-25 05:38:02', 1),
        (968, 15, 79, 18, '10.15.0.7', '2024-12-13 22:15:36', 1),
        (969, 15, 78, 19, '10.15.0.8', '2024-11-09 09:06:11', 1),
        (970, 15, 78, 20, '10.15.0.9', '2024-12-13 19:48:29', 1),
        (971, 15, 76, 21, '10.15.0.10', '2024-12-21 21:30:03', 1),
        (972, 15, 76, 22, '10.15.0.11', '2024-11-21 00:31:41', 1),
        (973, 15, 78, 23, '10.15.0.12', '2024-12-12 13:41:04', 1),
        (974, 15, 74, 24, '10.15.0.13', '2024-11-01 18:06:09', 1),
        (975, 15, 73, 25, '10.15.0.14', '2024-12-04 12:19:37', 1),
        (976, 15, 75, 26, '10.15.0.15', '2024-12-26 08:44:04', 1),
        (977, 15, 77, 27, '10.15.0.16', '2024-11-06 03:26:55', 1),
        (978, 15, 78, 28, '10.15.0.17', '2024-12-26 03:40:01', 1),
        (979, 15, 75, 29, '10.15.0.18', '2024-11-02 02:56:58', 1),
        (980, 15, 79, 30, '10.15.0.19', '2024-11-23 22:30:44', 1),
        (981, 15, 78, 31, '10.15.0.20', '2024-11-26 07:28:48', 1),
        (982, 15, 75, 32, '10.15.0.21', '2024-12-04 09:27:49', 1),
        (983, 15, 75, 33, '10.15.0.22', '2024-11-23 12:15:56', 1),
        (984, 15, 74, 34, '10.15.0.23', '2024-11-13 00:55:17', 1),
        (985, 15, 73, 35, '10.15.0.24', '2024-11-19 04:17:55', 1),
        (986, 15, 78, 36, '10.15.0.25', '2024-12-01 03:04:43', 1),
        (987, 15, 75, 37, '10.15.0.26', '2024-11-20 16:18:06', 1),
        (988, 15, 80, 38, '10.15.0.27', '2024-11-12 11:59:55', 1),
        (989, 15, 75, 39, '10.15.0.28', '2024-11-23 08:54:52', 1),
        (990, 15, 77, 40, '10.15.0.29', '2024-11-30 16:17:12', 1),
        (991, 15, 78, 41, '10.15.0.30', '2024-12-20 17:30:19', 1),
        (992, 15, 80, 42, '10.15.0.31', '2024-12-08 20:07:50', 1),
        (993, 15, 78, 43, '10.15.0.32', '2024-11-14 19:56:55', 1),
        (994, 15, 73, 44, '10.15.0.33', '2024-11-05 06:43:17', 1),
        (995, 15, 73, 45, '10.15.0.34', '2024-12-07 04:05:24', 1),
        (996, 15, 80, 46, '10.15.0.35', '2024-12-03 00:43:26', 1),
        (997, 15, 74, 47, '10.15.0.36', '2024-11-01 10:29:23', 1),
        (998, 15, 73, 48, '10.15.0.37', '2024-11-11 10:38:53', 1),
        (999, 15, 77, 49, '10.15.0.38', '2024-11-29 10:11:18', 1),
        (1000, 15, 80, 50, '10.15.0.39', '2024-12-12 06:19:09', 1),
        (1001, 15, 75, 51, '10.15.0.40', '2024-12-14 18:04:40', 1),
        (1002, 15, 75, 52, '10.15.0.41', '2024-11-06 18:51:53', 1),
        (1003, 15, 75, 53, '10.15.0.42', '2024-11-22 22:51:39', 1),
        (1004, 15, 78, 54, '10.15.0.43', '2024-12-19 22:24:47', 1),
        (1005, 15, 73, 55, '10.15.0.44', '2024-12-23 00:58:14', 1),
        (1006, 15, 73, 56, '10.15.0.45', '2024-12-17 17:37:01', 1),
        (1007, 15, 78, 57, '10.15.0.46', '2024-11-18 04:14:21', 1),
        (1008, 15, 73, 58, '10.15.0.47', '2024-11-01 01:06:18', 1),
        (1009, 15, 77, 59, '10.15.0.48', '2024-11-27 02:51:08', 1),
        (1010, 15, 79, 60, '10.15.0.49', '2024-12-25 11:24:21', 1),
        (1011, 15, 74, 61, '10.15.200.116', '2024-12-05 13:05:34', 1),
        (1012, 15, 74, 62, '10.15.200.116', '2024-11-27 22:03:51', 1),
        (1013, 15, 76, 63, '10.15.200.124', '2024-11-12 01:40:34', 1),
        (1014, 15, 78, 64, '10.15.200.116', '2024-11-08 09:58:43', 1),
        (1015, 15, 76, 65, '10.15.200.116', '2024-12-18 14:48:54', 1),
        (1016, 15, 78, 66, '10.15.200.206', '2024-12-26 08:51:44', 1),
        (1017, 15, 78, 67, '10.15.200.116', '2024-12-16 22:20:59', 1),
        (1018, 15, 78, 68, '10.15.200.124', '2024-11-20 21:32:11', 1),
        (1019, 15, 76, 69, '10.15.200.124', '2024-12-10 00:52:56', 1),
        (1020, 15, 76, 70, '10.15.200.116', '2024-11-21 23:39:59', 1),
        (1021, 15, 74, 71, '10.15.200.116', '2024-12-26 23:30:29', 1),
        (1022, 15, 74, 72, '10.15.200.116', '2024-12-19 03:43:30', 1),
        (1023, 15, 76, 73, '10.15.200.206', '2024-11-28 07:32:59', 1),
        (1024, 15, 74, 74, '10.15.200.124', '2024-11-25 16:33:54', 1),
        (1025, 15, 76, 75, '10.15.200.206', '2024-11-20 16:39:47', 1),
        (1026, 15, 74, 76, '10.15.200.116', '2024-11-30 19:31:57', 1),
        (1027, 15, 78, 77, '10.15.200.206', '2024-11-14 00:26:27', 1),
        (1028, 15, 78, 78, '10.15.200.206', '2024-11-18 06:22:19', 1),
        (1029, 15, 74, 79, '10.15.200.206', '2024-12-16 00:29:11', 1),
        (1030, 15, 78, 80, '10.15.200.206', '2024-11-25 04:14:02', 1),
        (1031, 15, 78, 81, '10.15.200.116', '2024-12-04 12:33:57', 1),
        (1032, 15, 78, 82, '10.15.200.116', '2024-12-27 13:06:00', 1),
        (1033, 15, 74, 83, '10.15.200.206', '2024-11-27 14:42:15', 1),
        (1034, 15, 76, 84, '10.15.200.116', '2024-12-23 14:36:53', 1),
        (1035, 15, 76, 85, '10.15.200.124', '2024-11-25 21:21:12', 1),
        (1036, 15, 74, 86, '10.15.200.124', '2024-12-12 04:31:06', 1),
        (1037, 15, 78, 87, '10.15.200.116', '2024-11-02 17:48:31', 1),
        (1038, 15, 76, 88, '10.15.200.124', '2024-11-26 22:37:01', 1),
        (1039, 15, 74, 89, '10.15.200.116', '2024-12-30 02:07:11', 1),
        (1040, 15, 74, 90, '10.15.200.124', '2024-11-18 23:32:52', 1),
        (1041, 11, 63, 11, '10.11.0.0', '2025-09-10 17:51:30', 1),
        (1042, 11, 54, 12, '10.11.0.1', '2025-09-11 09:15:00', 1),
        (1043, 11, 63, 13, '10.11.0.2', '2025-09-04 20:01:33', 1),
        (1044, 11, 56, 14, '10.11.0.3', '2025-09-10 13:12:51', 1),
        (1045, 11, 63, 15, '10.11.0.4', '2025-09-14 03:28:14', 1),
        (1046, 11, 59, 16, '10.11.0.5', '2025-09-10 02:01:51', 1),
        (1047, 11, 55, 17, '10.11.0.6', '2025-09-12 19:54:14', 1),
        (1048, 11, 60, 18, '10.11.0.7', '2025-09-06 17:03:20', 1),
        (1049, 11, 54, 19, '10.11.0.8', '2025-09-13 18:05:41', 1),
        (1050, 11, 56, 20, '10.11.0.9', '2025-09-06 14:59:45', 1),
        (1051, 11, 63, 21, '10.11.0.10', '2025-09-09 05:07:08', 1),
        (1052, 11, 57, 22, '10.11.0.11', '2025-09-12 13:24:02', 1),
        (1053, 11, 56, 23, '10.11.0.12', '2025-09-09 00:04:47', 1),
        (1054, 11, 60, 24, '10.11.0.13', '2025-09-13 10:13:29', 1),
        (1055, 11, 58, 25, '10.11.0.14', '2025-09-12 22:23:09', 1),
        (1056, 11, 58, 26, '10.11.0.15', '2025-09-13 16:10:04', 1),
        (1057, 11, 63, 27, '10.11.0.16', '2025-09-10 19:44:34', 1),
        (1058, 11, 57, 28, '10.11.0.17', '2025-09-14 11:59:56', 1),
        (1059, 11, 63, 29, '10.11.0.18', '2025-09-03 05:02:49', 1),
        (1060, 11, 56, 30, '10.11.0.19', '2025-09-14 06:28:01', 1),
        (1061, 11, 62, 31, '10.11.0.20', '2025-09-01 01:48:31', 1),
        (1062, 11, 62, 32, '10.11.0.21', '2025-09-09 13:55:22', 1),
        (1063, 11, 54, 33, '10.11.0.22', '2025-09-07 15:12:26', 1),
        (1064, 11, 57, 34, '10.11.0.23', '2025-09-11 17:37:21', 1),
        (1065, 11, 62, 35, '10.11.0.24', '2025-09-14 14:50:31', 1),
        (1066, 11, 62, 36, '10.11.0.25', '2025-09-13 04:20:12', 1),
        (1067, 11, 62, 37, '10.11.0.26', '2025-09-03 07:30:31', 1),
        (1068, 11, 60, 38, '10.11.0.27', '2025-09-11 21:09:55', 1),
        (1069, 11, 63, 39, '10.11.0.28', '2025-09-08 11:54:51', 1),
        (1070, 11, 54, 40, '10.11.0.29', '2025-09-02 05:35:04', 1),
        (1071, 11, 58, 41, '10.11.0.30', '2025-09-05 11:54:23', 1),
        (1072, 11, 59, 42, '10.11.0.31', '2025-09-12 05:36:36', 1),
        (1073, 11, 60, 43, '10.11.0.32', '2025-09-08 10:47:57', 1),
        (1074, 11, 58, 44, '10.11.0.33', '2025-09-05 03:47:44', 1),
        (1075, 11, 58, 45, '10.11.0.34', '2025-09-06 08:16:11', 1),
        (1076, 11, 62, 46, '10.11.0.35', '2025-09-01 23:27:23', 1),
        (1077, 11, 62, 47, '10.11.0.36', '2025-09-03 10:47:11', 1),
        (1078, 11, 56, 48, '10.11.0.37', '2025-09-07 04:51:03', 1),
        (1079, 11, 58, 49, '10.11.0.38', '2025-09-06 20:52:35', 1),
        (1080, 11, 60, 50, '10.11.0.39', '2025-09-06 11:42:47', 1),
        (1081, 11, 60, 51, '10.11.0.40', '2025-09-10 10:01:10', 1),
        (1082, 11, 60, 52, '10.11.0.41', '2025-09-03 05:01:38', 1),
        (1083, 11, 63, 53, '10.11.0.42', '2025-09-01 01:57:15', 1),
        (1084, 11, 62, 54, '10.11.0.43', '2025-09-07 15:07:32', 1),
        (1085, 11, 62, 55, '10.11.0.44', '2025-09-10 09:58:09', 1),
        (1086, 11, 60, 56, '10.11.0.45', '2025-09-07 10:47:08', 1),
        (1087, 11, 63, 57, '10.11.0.46', '2025-09-07 06:28:57', 1),
        (1088, 11, 63, 58, '10.11.0.47', '2025-09-14 19:23:05', 1),
        (1089, 11, 62, 59, '10.11.0.48', '2025-09-12 19:07:13', 1),
        (1090, 11, 62, 60, '10.11.0.49', '2025-09-11 20:00:39', 1),
        (1091, 11, 55, 61, '10.11.200.19', '2025-09-01 03:18:24', 1),
        (1092, 11, 61, 62, '10.11.200.99', '2025-09-07 14:10:22', 1),
        (1093, 11, 61, 63, '10.11.200.39', '2025-09-09 22:45:27', 1),
        (1094, 11, 61, 64, '10.11.200.39', '2025-09-09 16:29:39', 1),
        (1095, 11, 61, 65, '10.11.200.39', '2025-09-08 22:14:24', 1),
        (1096, 11, 61, 66, '10.11.200.39', '2025-09-07 00:09:53', 1),
        (1097, 11, 55, 67, '10.11.200.19', '2025-09-01 20:05:04', 1),
        (1098, 11, 55, 68, '10.11.200.39', '2025-09-07 04:09:57', 1),
        (1099, 11, 61, 69, '10.11.200.19', '2025-09-11 03:21:53', 1),
        (1100, 11, 55, 70, '10.11.200.99', '2025-09-13 04:35:51', 1),
        (1101, 11, 55, 71, '10.11.200.99', '2025-09-07 03:32:56', 1),
        (1102, 11, 55, 72, '10.11.200.39', '2025-09-09 12:47:05', 1),
        (1103, 11, 61, 73, '10.11.200.39', '2025-09-06 05:46:35', 1),
        (1104, 11, 55, 74, '10.11.200.19', '2025-09-07 17:13:14', 1),
        (1105, 11, 61, 75, '10.11.200.39', '2025-09-03 17:24:48', 1),
        (1106, 11, 61, 76, '10.11.200.19', '2025-09-01 20:23:15', 1),
        (1107, 11, 60, 77, '10.11.200.19', '2025-09-08 02:30:16', 1),
        (1108, 11, 60, 78, '10.11.200.39', '2025-09-14 08:22:21', 1),
        (1109, 11, 61, 79, '10.11.200.99', '2025-09-06 09:11:40', 1),
        (1110, 11, 55, 80, '10.11.200.39', '2025-09-05 04:21:57', 1),
        (1111, 11, 55, 81, '10.11.200.99', '2025-09-07 14:25:52', 1),
        (1112, 11, 61, 82, '10.11.200.39', '2025-09-07 17:00:48', 1),
        (1113, 11, 61, 83, '10.11.200.39', '2025-09-09 05:55:11', 1),
        (1114, 11, 61, 84, '10.11.200.99', '2025-09-12 16:30:18', 1),
        (1115, 11, 60, 85, '10.11.200.99', '2025-09-06 07:59:13', 1),
        (1116, 11, 55, 86, '10.11.200.99', '2025-09-01 18:46:55', 1),
        (1117, 11, 61, 87, '10.11.200.99', '2025-09-09 07:32:13', 1),
        (1118, 11, 61, 88, '10.11.200.19', '2025-09-10 18:37:36', 1),
        (1119, 11, 61, 89, '10.11.200.19', '2025-09-05 06:08:55', 1),
        (1120, 11, 55, 90, '10.11.200.39', '2025-09-03 05:40:00', 1);